City_ID,City,Lat,Lng,Max Temp,Humidity,Cloudiness,Wind Speed,Country,Date
0,Rikitea,-23.1203,-134.9692,72.45,73,5,15.17,PF,2022-09-10 16:31:21
1,Kirakira,-10.4544,161.9205,77.86,87,32,7.34,SB,2022-09-10 16:31:22
2,Tamworth,52.634,-1.6959,71.02,71,99,5.01,GB,2022-09-10 16:28:09
3,Knysna,-34.0363,23.0471,58.77,77,99,5.82,ZA,2022-09-10 16:31:22
4,San Patricio,28.017,-97.5169,90.07,50,42,3.8,US,2022-09-10 16:31:22
5,La Asuncion,11.0333,-63.8628,87.53,62,17,16.11,VE,2022-09-10 16:31:23
6,Ostrovnoy,68.0531,39.5131,48.78,85,93,8.14,RU,2022-09-10 16:31:23
7,Tsuruga,35.6455,136.0558,75.63,91,48,2.37,JP,2022-09-10 16:31:24
8,Punta Arenas,-53.15,-70.9167,50.11,57,0,13.8,CL,2022-09-10 16:30:14
9,Kaitangata,-46.2817,169.8464,39.11,95,16,3.33,NZ,2022-09-10 16:31:24
10,Hamilton,39.1834,-84.5333,81.1,68,75,5.75,US,2022-09-10 16:31:04
11,Busselton,-33.65,115.3333,50.41,90,71,4.0,AU,2022-09-10 16:31:24
12,Alice Springs,-23.7,133.8833,57.22,26,100,0.0,AU,2022-09-10 16:31:25
13,Valparaiso,-33.0393,-71.6273,60.01,83,100,14.97,CL,2022-09-10 16:28:00
14,Constitucion,-35.3333,-72.4167,56.98,57,0,4.83,CL,2022-09-10 16:31:26
15,Bredasdorp,-34.5322,20.0403,56.95,69,80,11.83,ZA,2022-09-10 16:31:26
16,Pisco,-13.7,-76.2167,65.01,77,100,6.91,PE,2022-09-10 16:31:26
17,Mehamn,71.0357,27.8492,48.11,93,100,16.11,NO,2022-09-10 16:31:27
18,Leningradskiy,69.3833,178.4167,34.83,88,18,9.95,RU,2022-09-10 16:29:17
19,Vardo,70.3705,31.1107,49.98,76,100,10.36,NO,2022-09-10 16:31:27
20,Mataura,-46.1927,168.8643,36.57,98,16,2.57,NZ,2022-09-10 16:31:27
21,Tignere,7.3667,12.65,66.24,94,95,0.96,CM,2022-09-10 16:31:28
22,Kharp,66.8014,65.8081,35.71,90,83,5.19,RU,2022-09-10 16:31:28
23,Narsaq,60.9167,-46.05,55.62,52,17,5.57,GL,2022-09-10 16:31:28
24,Dingle,10.9995,122.6711,74.84,90,83,4.12,PH,2022-09-10 16:31:29
25,Khatanga,71.9667,102.5,32.9,95,100,9.31,RU,2022-09-10 16:31:29
26,Bluff,-46.6,168.3333,41.79,89,8,5.03,NZ,2022-09-10 16:31:29
27,Albany,42.6001,-73.9662,79.63,65,74,1.12,US,2022-09-10 16:27:31
28,Xifeng,42.7372,124.7222,65.25,86,100,2.39,CN,2022-09-10 16:31:30
29,Chokurdakh,70.6333,147.9167,38.57,93,100,5.01,RU,2022-09-10 16:31:30
30,Chicama,-7.8447,-79.1469,59.54,60,55,9.93,PE,2022-09-10 16:31:30
31,Lebu,-37.6167,-73.65,53.4,70,4,17.6,CL,2022-09-10 16:31:31
32,Tahta,26.7693,31.5021,92.75,21,0,13.6,EG,2022-09-10 16:31:31
33,Yellowknife,62.456,-114.3525,50.52,76,40,11.5,CA,2022-09-10 16:27:01
34,Lata,40.1629,-8.3327,83.48,50,0,8.52,PT,2022-09-10 16:31:32
35,Ilinskiy,55.619,38.1182,55.78,50,0,0.0,RU,2022-09-10 16:31:32
36,Alofi,-19.0595,-169.9187,67.89,100,90,3.44,NU,2022-09-10 16:31:32
37,Puerto Ayora,-0.7393,-90.3518,71.56,86,94,5.99,EC,2022-09-10 16:31:17
38,Cape Town,-33.9258,18.4232,60.12,80,20,9.22,ZA,2022-09-10 16:27:38
39,Ponta Do Sol,32.6667,-17.1,81.23,62,93,7.09,PT,2022-09-10 16:31:33
40,Antalaha,-14.9003,50.2788,68.81,83,6,8.39,MG,2022-09-10 16:31:33
41,Cuiluan,47.72,128.648,56.91,88,59,2.82,CN,2022-09-10 16:31:34
42,Ushuaia,-54.8,-68.3,46.06,49,0,23.02,AR,2022-09-10 16:31:34
43,Mar Del Plata,-38.0023,-57.5575,55.94,59,20,6.91,AR,2022-09-10 16:30:06
44,Azul,-36.777,-59.8585,62.35,23,0,6.15,AR,2022-09-10 16:32:34
45,Juneau,58.3019,-134.4197,50.22,96,100,6.91,US,2022-09-10 16:30:26
46,Port Elizabeth,-33.918,25.5701,62.1,91,0,6.91,ZA,2022-09-10 16:32:35
47,Ous,60.9058,61.5186,42.37,92,100,3.94,RU,2022-09-10 16:32:36
48,Guerrero Negro,27.9769,-114.0611,79.79,66,4,8.14,MX,2022-09-10 16:32:36
49,Husavik,66.0449,-17.3389,49.62,97,78,9.28,IS,2022-09-10 16:32:36
50,Carnarvon,-24.8667,113.6333,65.5,71,0,16.75,AU,2022-09-10 16:32:37
51,Barrow,71.2906,-156.7887,35.62,93,100,17.27,US,2022-09-10 16:32:37
52,Vestmannaeyjar,63.4427,-20.2734,54.59,94,75,8.05,IS,2022-09-10 16:32:37
53,Longyearbyen,78.2186,15.6401,35.44,64,75,14.97,SJ,2022-09-10 16:32:38
54,Jamestown,42.097,-79.2353,77.02,51,0,9.22,US,2022-09-10 16:29:57
55,Yichun,47.7,128.9,55.09,89,57,2.84,CN,2022-09-10 16:32:38
56,Rongcheng,30.634,117.8517,67.12,71,52,2.48,CN,2022-09-10 16:32:38
57,Taltal,-25.4,-70.4833,60.08,68,7,7.36,CL,2022-09-10 16:32:39
58,Dikson,73.5069,80.5464,35.94,76,77,4.32,RU,2022-09-10 16:32:39
59,Sola,-13.8833,167.55,79.97,76,33,18.5,VU,2022-09-10 16:32:39
60,Edea,3.8,10.1333,73.69,96,99,2.37,CM,2022-09-10 16:32:40
61,Vaini,-21.2,-175.2,73.56,94,20,5.75,TO,2022-09-10 16:32:40
62,Alta Floresta,-9.8756,-56.0861,96.62,32,0,4.61,BR,2022-09-10 16:32:40
63,Solwezi,-12.1688,26.3894,71.2,27,8,3.83,ZM,2022-09-10 16:32:41
64,Faanui,-16.4833,-151.75,78.3,72,13,20.29,PF,2022-09-10 16:32:41
65,Hermanus,-34.4187,19.2345,57.79,80,68,13.89,ZA,2022-09-10 16:32:41
66,Saint George,37.1041,-113.5841,84.63,54,75,14.97,US,2022-09-10 16:31:57
67,Kuytun,54.3419,101.5036,43.05,88,49,4.09,RU,2022-09-10 16:32:42
68,San Rafael,-34.6177,-68.3301,67.95,13,0,18.72,AR,2022-09-10 16:32:42
69,Oktyabrskiy,54.4815,53.471,46.76,72,94,10.38,RU,2022-09-10 16:32:42
70,Khirkiya,22.1674,76.8605,79.54,85,100,3.65,IN,2022-09-10 16:32:43
71,Orlik,52.5178,99.825,40.57,82,52,2.24,RU,2022-09-10 16:32:43
72,Lompoc,34.6391,-120.4579,77.52,86,75,9.22,US,2022-09-10 16:32:43
73,Bethel,41.3712,-73.414,84.15,53,0,5.75,US,2022-09-10 16:32:44
74,Havre-Saint-Pierre,50.2334,-63.5986,66.56,77,0,6.91,CA,2022-09-10 16:32:44
75,Port Augusta,-32.5,137.7667,48.33,76,67,5.12,AU,2022-09-10 16:32:44
76,Kodiak,57.79,-152.4072,49.51,81,100,3.44,US,2022-09-10 16:32:45
77,Tanggu,39.0211,117.6469,71.56,70,10,8.1,CN,2022-09-10 16:32:45
78,Nome,64.5011,-165.4064,44.67,82,100,8.05,US,2022-09-10 16:32:45
79,New Norfolk,-42.7826,147.0587,47.71,76,99,5.01,AU,2022-09-10 16:32:46
80,Lagoa,39.05,-27.9833,72.48,78,100,27.2,PT,2022-09-10 16:32:46
81,Avarua,-21.2078,-159.775,75.25,88,75,10.36,CK,2022-09-10 16:32:47
82,Cidreira,-30.1811,-50.2056,57.81,48,2,16.67,BR,2022-09-10 16:32:47
83,Laguna,38.421,-121.4238,84.02,53,0,6.91,US,2022-09-10 16:32:47
84,Shulin,22.7454,108.423,79.36,84,100,2.82,CN,2022-09-10 16:32:48
85,Winslow,35.0242,-110.6974,73.58,56,0,0.0,US,2022-09-10 16:28:26
86,Tautira,-17.7333,-149.15,77.04,74,25,23.26,PF,2022-09-10 16:32:48
87,Yulara,-25.2406,130.9889,53.44,100,100,5.75,AU,2022-09-10 16:32:48
88,Hithadhoo,-0.6,73.0833,82.0,71,9,12.77,MV,2022-09-10 16:32:49
89,Vertientes,21.2594,-78.1464,90.21,53,83,9.51,CU,2022-09-10 16:32:49
90,Wielun,51.221,18.5696,59.74,85,100,5.86,PL,2022-09-10 16:32:49
91,Bereda,43.2686,-7.5406,88.41,41,21,6.35,ES,2022-09-10 16:32:50
92,Oskarshamn,57.2645,16.4484,60.98,84,58,6.78,SE,2022-09-10 16:33:50
93,Chuy,-33.6971,-53.4616,57.36,49,20,13.38,UY,2022-09-10 16:33:51
94,Dali,25.7,100.1833,60.55,97,100,3.0,CN,2022-09-10 16:33:51
95,Airai,-8.9266,125.4092,57.88,88,90,1.57,TL,2022-09-10 16:33:51
96,Kaoma,-14.7833,24.8,74.1,20,0,5.61,ZM,2022-09-10 16:33:51
97,Cherskiy,68.75,161.3,46.83,93,100,2.71,RU,2022-09-10 16:33:52
98,Souillac,-20.5167,57.5167,70.18,64,40,6.91,MU,2022-09-10 16:33:52
99,Zaysan,47.4667,84.8667,60.84,46,19,2.17,KZ,2022-09-10 16:33:52
100,Cockburn Town,21.4612,-71.1419,87.76,70,40,11.5,TC,2022-09-10 16:33:53
101,Longyan,25.1072,117.0225,71.15,89,13,1.77,CN,2022-09-10 16:33:53
102,Umm Lajj,25.0213,37.2685,86.47,69,1,8.81,SA,2022-09-10 16:33:54
103,Dehloran,32.6941,47.2679,98.89,10,0,8.81,IR,2022-09-10 16:33:54
104,Upernavik,72.7868,-56.1549,44.28,89,100,11.23,GL,2022-09-10 16:33:55
105,Bandarbeyla,9.4942,50.8122,78.55,79,36,28.68,SO,2022-09-10 16:33:55
106,Boyolangu,-8.1181,111.8935,74.53,95,95,4.16,ID,2022-09-10 16:33:56
107,Bathsheba,13.2167,-59.5167,88.41,70,40,10.36,BB,2022-09-10 16:33:56
108,Longkou,37.6508,120.3286,69.4,79,26,5.66,CN,2022-09-10 16:33:57
109,Port Alfred,-33.5906,26.891,64.18,91,71,1.99,ZA,2022-09-10 16:33:57
110,Fortuna,40.5982,-124.1573,57.54,42,59,4.43,US,2022-09-10 16:33:58
111,Olafsvik,64.8945,-23.7142,54.55,78,90,9.37,IS,2022-09-10 16:33:58
112,Lyubytino,58.8122,33.3922,46.71,71,23,0.51,RU,2022-09-10 16:33:58
113,Marsa Matruh,31.3525,27.2453,80.8,61,0,11.5,EG,2022-09-10 16:33:59
114,Salalah,17.0151,54.0924,78.89,89,0,5.75,OM,2022-09-10 16:33:59
115,East London,-33.0153,27.9116,67.14,82,20,4.61,ZA,2022-09-10 16:33:59
116,Lasa,46.6166,10.7002,65.28,79,62,2.95,IT,2022-09-10 16:34:00
117,Castro,-24.7911,-50.0119,79.75,49,62,8.34,BR,2022-09-10 16:34:00
118,Hobart,-42.8794,147.3294,48.06,71,92,17.27,AU,2022-09-10 16:30:03
119,Port Blair,11.6667,92.75,80.64,83,75,2.3,IN,2022-09-10 16:34:00
120,Saint Anthony,45.0205,-93.218,66.31,84,0,9.22,US,2022-09-10 16:30:27
121,Kutum,14.2,24.6667,85.62,30,53,8.55,SD,2022-09-10 16:34:01
122,Saint-Philippe,-21.3585,55.7679,71.19,73,52,11.32,RE,2022-09-10 16:34:01
123,Weihai,37.5017,122.1136,68.68,90,1,5.46,CN,2022-09-10 16:34:02
124,Jucurutu,-6.0339,-37.0203,96.94,23,0,8.75,BR,2022-09-10 16:34:02
125,Kargil,34.5667,76.1,60.06,47,95,7.74,IN,2022-09-10 16:34:02
126,Paamiut,61.994,-49.6678,45.82,73,82,2.89,GL,2022-09-10 16:34:03
127,Vradiyivka,47.862,30.5919,60.76,80,89,12.3,UA,2022-09-10 16:34:03
128,Butaritari,3.0707,172.7902,81.27,70,19,14.45,KI,2022-09-10 16:34:04
129,Northam,51.0333,-4.2167,67.6,80,52,3.31,GB,2022-09-10 16:34:04
130,Parrita,9.5201,-84.3225,84.02,68,100,3.74,CR,2022-09-10 16:34:04
131,Lazaro Cardenas,17.9583,-102.2,85.28,70,78,6.38,MX,2022-09-10 16:34:05
132,Georgetown,5.4112,100.3354,83.89,84,20,3.44,MY,2022-09-10 16:30:26
133,Artyom,40.4723,50.333,71.74,47,22,12.03,AZ,2022-09-10 16:34:06
134,Vila Velha,-20.3297,-40.2925,87.75,42,0,17.27,BR,2022-09-10 16:29:24
135,Oranjemund,-28.55,16.4333,63.88,57,42,3.96,NA,2022-09-10 16:34:06
136,Rio Grande,-32.035,-52.0986,59.11,55,1,18.16,BR,2022-09-10 16:34:06
137,Thinadhoo,0.5333,72.9333,82.09,73,21,12.35,MV,2022-09-10 16:30:13
138,Yuli,9.6989,10.2744,74.37,91,96,3.4,NG,2022-09-10 16:35:07
139,Svetlaya,46.5389,138.3297,59.14,76,0,5.68,RU,2022-09-10 16:35:07
140,Nanortalik,60.1432,-45.2371,47.28,71,1,10.07,GL,2022-09-10 16:35:07
141,Makakilo City,21.3469,-158.0858,75.69,87,0,8.05,US,2022-09-10 16:35:08
142,Betamcherla,15.4667,78.1667,78.17,77,100,15.01,IN,2022-09-10 16:35:08
143,Torbay,47.6666,-52.7314,58.57,91,100,27.0,CA,2022-09-10 16:35:09
144,Jalalabad,34.4265,70.4515,84.38,52,0,5.19,AF,2022-09-10 16:35:09
145,Iqaluit,63.7506,-68.5145,44.33,87,75,9.22,CA,2022-09-10 16:35:10
146,Tiznit,29.5833,-9.5,87.19,35,73,8.34,MA,2022-09-10 16:35:10
147,Norman Wells,65.282,-126.8329,51.84,66,75,18.41,CA,2022-09-10 16:35:10
148,Ashington,50.9331,-0.3909,71.29,66,20,5.75,GB,2022-09-10 16:35:11
149,Tiksi,71.6872,128.8694,38.55,88,99,7.56,RU,2022-09-10 16:35:11
150,Mabaruma,8.2,-59.7833,84.45,74,41,5.84,GY,2022-09-10 16:35:11
151,Bowen,-20.0167,148.2333,65.05,71,0,4.79,AU,2022-09-10 16:35:12
152,Bengkulu,-3.8004,102.2655,75.0,85,97,4.45,ID,2022-09-10 16:35:12
153,Vao,-22.6667,167.4833,72.3,89,21,15.08,NC,2022-09-10 16:35:12
154,Pasighat,28.0667,95.3333,74.16,81,1,4.07,IN,2022-09-10 16:35:13
155,Formosa Do Rio Preto,-11.0483,-45.1931,97.0,17,0,5.23,BR,2022-09-10 16:35:13
156,Divnomorskoye,44.5011,38.1353,73.31,34,33,14.63,RU,2022-09-10 16:35:14
157,Ambilobe,-13.2,49.05,72.52,67,87,4.88,MG,2022-09-10 16:35:14
158,Palwal,28.15,77.3333,88.14,50,47,6.08,IN,2022-09-10 16:30:56
159,Tuktoyaktuk,69.4541,-133.0374,37.4,100,100,14.97,CA,2022-09-10 16:35:14
160,Cabo San Lucas,22.8909,-109.9124,87.06,72,0,4.61,MX,2022-09-10 16:35:15
161,Provideniya,64.3833,-173.3,41.5,82,11,2.1,RU,2022-09-10 16:35:15
162,Qaanaaq,77.484,-69.3632,37.38,77,91,5.93,GL,2022-09-10 16:35:15
163,Miles City,46.4083,-105.8406,54.57,66,0,4.61,US,2022-09-10 16:34:11
164,Calama,-22.4667,-68.9333,72.09,8,0,9.22,CL,2022-09-10 16:34:28
165,Atuona,-9.8,-139.0333,76.64,75,33,22.41,PF,2022-09-10 16:35:16
166,Hasaki,35.7333,140.8333,72.0,87,100,24.02,JP,2022-09-10 16:35:16
167,Anshun,26.25,105.9333,61.34,96,100,3.6,CN,2022-09-10 16:35:17
168,Sambava,-14.2667,50.1667,70.23,85,8,10.54,MG,2022-09-10 16:35:17
169,Neiafu,-18.65,-173.9833,75.88,88,40,1.14,TO,2022-09-10 16:35:17
170,Keokuk,40.3973,-91.3849,81.09,65,0,8.05,US,2022-09-10 16:35:18
171,Vostok,46.4856,135.8833,50.76,85,0,3.58,RU,2022-09-10 16:35:18
172,Ubauro,28.1652,69.7289,94.55,35,0,6.51,PK,2022-09-10 16:35:18
173,Panguipulli,-39.6333,-72.3333,54.48,67,3,3.15,CL,2022-09-10 16:32:10
174,Prado,-17.3411,-39.2208,77.74,52,0,11.63,BR,2022-09-10 16:35:19
175,Saskylakh,71.9167,114.0833,34.61,98,100,13.13,RU,2022-09-10 16:35:19
176,Mount Gambier,-37.8333,140.7667,48.54,81,100,8.52,AU,2022-09-10 16:35:20
177,Kruisfontein,-34.0033,24.7314,59.88,81,87,8.81,ZA,2022-09-10 16:35:20
178,Ilulissat,69.2167,-51.1,46.42,71,75,4.61,GL,2022-09-10 16:35:20
179,Bubaque,11.2833,-15.8333,80.29,77,55,6.51,GW,2022-09-10 16:35:21
180,Guayama,17.9841,-66.1138,88.23,79,86,10.0,PR,2022-09-10 16:35:21
181,Sinnamary,5.3833,-52.95,84.33,66,20,11.01,GF,2022-09-10 16:35:22
182,Portland,45.5234,-122.6762,81.88,29,100,14.0,US,2022-09-10 16:31:05
183,Tigzirt,36.8886,4.1198,84.27,56,6,11.77,DZ,2022-09-10 16:35:22
184,Tilichiki,60.4667,166.1,46.9,94,100,4.54,RU,2022-09-10 16:33:14
185,Komsomolskiy,40.4272,71.7189,83.12,36,97,11.5,UZ,2022-09-10 16:35:22
186,Januaria,-15.4833,-44.3667,95.56,11,3,5.26,BR,2022-09-10 16:36:23
187,Kapaa,22.0752,-159.319,77.32,90,75,12.66,US,2022-09-10 16:32:10
188,Colares,38.7992,-9.4469,85.19,57,0,8.05,PT,2022-09-10 16:36:23
189,Baruun-Urt,46.6806,113.2792,63.91,24,7,8.34,MN,2022-09-10 16:36:24
190,Pakxan,18.3778,103.6601,73.63,97,100,3.53,LA,2022-09-10 16:36:24
191,Khuzdar,27.7384,66.6434,84.43,43,11,3.56,PK,2022-09-10 16:36:24
192,Zhigansk,66.7697,123.3711,36.84,97,100,18.45,RU,2022-09-10 16:36:25
193,Palauig,15.435,119.9045,81.3,80,99,4.54,PH,2022-09-10 16:36:25
194,Kologriv,58.8275,44.3178,46.67,77,90,4.47,RU,2022-09-10 16:36:25
195,Torbat-E Jam,35.244,60.6225,72.36,45,0,22.77,IR,2022-09-10 16:36:25
196,Thompson,55.7435,-97.8558,51.96,76,75,12.66,CA,2022-09-10 16:36:26
197,Zarubino,42.63,131.0922,62.65,86,90,0.38,RU,2022-09-10 16:36:26
198,Pingliang,35.5392,106.6861,59.16,84,0,0.22,CN,2022-09-10 16:36:27
199,Necochea,-38.5473,-58.7368,54.34,51,0,8.23,AR,2022-09-10 16:36:27
200,Kalmar,56.6616,16.3616,61.14,88,100,3.44,SE,2022-09-10 16:36:27
201,Vanavara,60.34,102.2797,38.66,95,60,5.08,RU,2022-09-10 16:36:28
202,Sabancuy,18.9667,-91.1833,84.11,64,100,6.98,MX,2022-09-10 16:36:28
203,Byron Bay,-28.65,153.6167,55.36,66,0,10.47,AU,2022-09-10 16:36:29
204,Nemuro,43.3236,145.575,60.89,73,0,5.64,JP,2022-09-10 16:36:29
205,Susaki,33.3667,133.2833,75.96,89,80,4.52,JP,2022-09-10 16:36:29
206,Mahebourg,-20.4081,57.7,71.26,64,40,6.91,MU,2022-09-10 16:36:29
207,Esperance,-33.8667,121.9,51.51,88,14,7.74,AU,2022-09-10 16:36:30
208,Kailua,21.4022,-157.7394,77.14,87,20,8.05,US,2022-09-10 16:36:30
209,Tuatapere,-46.1333,167.6833,37.02,92,9,4.29,NZ,2022-09-10 16:36:31
210,Codrington,-38.2667,141.9667,48.31,82,97,11.61,AU,2022-09-10 16:36:31
211,Comodoro Rivadavia,-45.8667,-67.5,60.66,41,0,4.61,AR,2022-09-10 16:36:31
212,Talnakh,69.4865,88.3972,36.21,98,100,9.17,RU,2022-09-10 16:36:32
213,Orcopampa,-15.2661,-72.3417,61.75,23,2,4.83,PE,2022-09-10 16:36:32
214,Noumea,-22.2763,166.4572,75.99,99,35,4.43,NC,2022-09-10 16:36:32
215,Adrar,20.5022,-10.0711,107.04,9,39,10.47,MR,2022-09-10 16:36:33
216,Palasa,18.7667,84.4167,78.22,93,100,12.37,IN,2022-09-10 16:36:33
217,Kalmunai,7.4167,81.8167,81.75,75,87,2.59,LK,2022-09-10 16:36:33
218,Kozhevnikovo,56.2589,83.9714,48.25,79,100,5.01,RU,2022-09-10 16:36:34
219,Vostochnyy,55.8167,37.8667,57.38,45,3,4.12,RU,2022-09-10 16:36:34
220,Whitehorse,60.7161,-135.0538,45.37,65,40,8.05,CA,2022-09-10 16:36:34
221,Hammerfest,70.6634,23.6821,46.85,100,100,10.36,NO,2022-09-10 16:36:35
222,Saint-Jean-Port-Joli,47.2171,-70.2658,78.4,80,39,6.33,CA,2022-09-10 16:36:35
223,Hwange,-18.3693,26.5019,78.93,26,0,3.53,ZW,2022-09-10 16:36:35
224,Salamanca,40.8333,-6.0,89.38,23,0,12.91,ES,2022-09-10 16:36:36
225,Lavrentiya,65.5833,-171.0,40.1,91,100,3.29,RU,2022-09-10 16:36:36
226,Foix,42.8333,1.5833,73.78,55,9,4.5,FR,2022-09-10 16:36:36
227,Portales,34.1862,-103.3344,72.34,58,32,7.43,US,2022-09-10 16:36:37
228,Hambantota,6.1241,81.1185,78.71,82,92,16.98,LK,2022-09-10 16:36:37
229,Hilo,19.7297,-155.09,72.63,82,75,5.75,US,2022-09-10 16:36:37
230,Berberati,4.2612,15.7922,70.36,97,96,3.02,CF,2022-09-10 16:36:38
231,Leninskoye,41.7589,69.3864,72.84,36,64,2.75,KZ,2022-09-10 16:36:38
232,Klaksvik,62.2266,-6.589,52.72,86,78,14.05,FO,2022-09-10 16:36:38
233,Katsuura,35.1333,140.3,73.98,87,99,20.8,JP,2022-09-10 16:36:39
234,Fallon,39.4735,-118.7774,66.07,15,0,0.0,US,2022-09-10 16:37:39
235,Shingu,33.7333,135.9833,75.96,84,56,7.74,JP,2022-09-10 16:37:39
236,Maxcanu,20.5833,-89.9833,93.02,45,93,4.65,MX,2022-09-10 16:37:40
237,Macherla,16.4833,79.4333,79.59,85,100,6.17,IN,2022-09-10 16:37:40
238,Pevek,69.7008,170.3133,41.56,81,19,4.56,RU,2022-09-10 16:37:41
239,Pyay,18.8167,95.2167,76.26,93,100,5.21,MM,2022-09-10 16:37:41
240,Geraldton,-28.7667,114.6,50.41,93,0,6.91,AU,2022-09-10 16:37:41
241,Kiunga,-6.1219,141.2906,72.14,99,96,1.3,PG,2022-09-10 16:37:42
242,Kolondieba,11.0882,-6.8926,76.84,89,97,4.25,ML,2022-09-10 16:37:42
243,Nuevo Progreso,23.1667,-97.95,89.55,60,31,5.08,MX,2022-09-10 16:37:43
244,La Rioja,42.25,-2.5,82.18,36,5,4.61,ES,2022-09-10 16:37:43
245,Broome,42.2506,-75.833,79.2,55,0,6.91,US,2022-09-10 16:37:43
246,Saldanha,-33.0117,17.9442,59.05,88,60,7.02,ZA,2022-09-10 16:37:44
247,Kahului,20.8947,-156.47,77.85,78,20,4.61,US,2022-09-10 16:37:44
248,Hanmer Springs,-42.5167,172.8167,37.9,94,77,2.93,NZ,2022-09-10 16:37:44
249,Dudinka,69.4058,86.1778,36.63,95,100,11.23,RU,2022-09-10 16:37:45
250,Bay Roberts,47.5999,-53.2648,59.32,91,100,18.99,CA,2022-09-10 16:37:45
251,Normandin,48.8333,-72.5321,79.11,65,3,5.75,CA,2022-09-10 16:36:47
252,Auki,-8.7676,160.7034,75.24,88,12,4.03,SB,2022-09-10 16:37:45
253,Sooke,48.3746,-123.7276,73.44,48,0,20.71,CA,2022-09-10 16:37:46
254,Belmonte,-15.8631,-38.8828,77.7,50,12,6.13,BR,2022-09-10 16:37:46
255,Emerald,-23.5333,148.1667,57.34,69,19,7.09,AU,2022-09-10 16:37:46
256,Tsumeb,-19.2333,17.7167,82.15,9,0,9.53,NA,2022-09-10 16:37:47
257,Tasiilaq,65.6145,-37.6368,51.96,71,69,7.02,GL,2022-09-10 16:37:47
258,Barra Patuca,15.8,-84.2833,85.24,74,93,9.91,HN,2022-09-10 16:37:47
259,Amuntai,-2.4177,115.2494,73.0,96,91,0.16,ID,2022-09-10 16:37:48
260,Nikolskoye,59.7035,30.7861,57.09,68,11,3.74,RU,2022-09-10 16:37:48
261,Genhe,50.7833,121.5167,53.4,97,83,4.32,CN,2022-09-10 16:37:48
262,Nizwa,22.9333,57.5333,90.75,36,91,6.49,OM,2022-09-10 16:37:49
263,Gornyy,55.1153,83.9059,49.03,45,100,6.58,RU,2022-09-10 16:37:49
264,Svetlogorsk,52.6333,29.7333,49.17,80,100,15.12,BY,2022-09-10 16:37:50
265,High Level,58.5169,-117.136,57.31,62,20,4.61,CA,2022-09-10 16:37:50
266,Mount Isa,-20.7333,139.5,67.77,24,0,8.05,AU,2022-09-10 16:37:50
267,Kargopol,61.5071,38.9456,45.41,85,100,4.59,RU,2022-09-10 16:37:51
268,Wasilla,61.5814,-149.4394,47.35,93,100,6.91,US,2022-09-10 16:34:46
269,Tadine,-21.55,167.8833,71.91,91,19,6.96,NC,2022-09-10 16:37:51
270,Turukhansk,65.8167,87.9833,33.57,80,93,3.33,RU,2022-09-10 16:37:51
271,Ilo,-17.6394,-71.3375,61.66,72,100,12.66,PE,2022-09-10 16:37:52
272,Xichang,27.8964,102.2634,56.26,94,69,1.48,CN,2022-09-10 16:37:52
273,Manyana,-23.4,21.7167,76.69,12,0,8.66,BW,2022-09-10 16:37:53
274,Baiyin,36.5583,104.2081,63.57,44,12,5.73,CN,2022-09-10 16:37:53
275,Pimentel,-6.8367,-79.9342,64.69,77,100,10.36,PE,2022-09-10 16:37:53
276,Bandar,2.05,99.75,73.4,91,90,2.95,ID,2022-09-10 16:37:54
277,Waipawa,-41.4122,175.5153,45.86,96,100,5.17,NZ,2022-09-10 16:37:54
278,Sao Joao Da Barra,-21.6403,-41.0511,89.69,65,4,23.4,BR,2022-09-10 16:38:54
279,Rockport,28.0206,-97.0544,89.65,67,0,5.75,US,2022-09-10 16:34:53
280,Cap Malheureux,-19.9842,57.6142,71.47,63,2,5.01,MU,2022-09-10 16:38:55
281,Straumen,63.8709,11.2999,59.0,63,67,0.87,NO,2022-09-10 16:38:55
282,Beringovskiy,63.05,179.3167,45.84,94,70,12.88,RU,2022-09-10 16:38:55
283,Masoko,-9.3333,33.75,70.3,56,65,2.98,TZ,2022-09-10 16:38:56
284,La Orilla,17.9833,-102.2333,85.3,69,80,5.93,MX,2022-09-10 16:38:56
285,Udachnyy,66.4167,112.4,34.45,86,91,10.0,RU,2022-09-10 16:38:56
286,Kinablangan,7.6947,126.5503,77.65,86,98,5.3,PH,2022-09-10 16:38:57
287,Xuddur,4.1213,43.8894,80.83,54,94,22.95,SO,2022-09-10 16:38:57
288,Kashi,39.4547,75.9797,81.61,19,75,8.95,CN,2022-09-10 16:37:21
289,Ust-Maya,60.4167,134.5333,33.49,83,15,3.11,RU,2022-09-10 16:38:57
290,Ancud,-41.8697,-73.8203,54.23,75,13,4.43,CL,2022-09-10 16:38:58
291,Mitu,1.1983,-70.1733,75.79,90,99,4.14,CO,2022-09-10 16:38:58
292,College,64.8569,-147.8028,44.55,94,100,3.44,US,2022-09-10 16:38:59
293,Guasdualito,7.2424,-70.7324,89.56,70,40,3.44,VE,2022-09-10 16:38:59
294,Batagay-Alyta,67.8006,130.4114,34.47,62,100,6.06,RU,2022-09-10 16:38:59
295,Butembo,0.15,29.2833,58.69,91,100,1.9,CD,2022-09-10 16:38:59
296,Mundo Nuevo,18.7,-95.5,82.9,70,87,0.74,MX,2022-09-10 16:39:00
297,Semirom,31.4167,51.5667,71.53,25,69,1.92,IR,2022-09-10 16:39:00
298,Haileybury,47.449,-79.6373,77.58,44,5,9.4,CA,2022-09-10 16:39:00
299,Shubarshi,48.5872,57.1869,51.28,69,93,24.45,KZ,2022-09-10 16:39:01
300,Walvis Bay,-22.9575,14.5053,58.15,77,0,12.66,NA,2022-09-10 16:39:01
301,Brodokalmak,55.5748,62.082,43.7,59,82,9.69,RU,2022-09-10 16:39:01
302,Contamana,-7.3333,-75.0167,80.11,72,95,1.5,PE,2022-09-10 16:39:02
303,Ribeira Grande,38.5167,-28.7,72.0,78,75,24.16,PT,2022-09-10 16:39:02
304,Port-Gentil,-0.7193,8.7815,80.56,74,40,14.97,GA,2022-09-10 16:39:03
305,Dickinson,29.4608,-95.0513,90.07,63,0,5.75,US,2022-09-10 16:39:03
306,Tayoltita,24.0833,-105.9333,81.63,59,98,3.36,MX,2022-09-10 16:39:03
307,Gorontalo,0.5412,123.0595,73.87,93,72,3.29,ID,2022-09-10 16:39:04
308,Biak,-0.9131,122.8766,74.93,81,83,2.51,ID,2022-09-10 16:39:04
309,Manadhoo,5.7667,73.3833,80.6,85,30,13.02,MV,2022-09-10 16:39:04
310,Vilhena,-12.7406,-60.1458,80.82,69,80,12.66,BR,2022-09-10 16:38:09
311,Yaan,7.3833,8.5667,73.29,94,95,3.58,NG,2022-09-10 16:39:05
312,Rantoul,40.3084,-88.1559,84.02,58,0,3.44,US,2022-09-10 16:39:05
313,Joshimath,30.5667,79.5667,69.26,89,85,1.16,IN,2022-09-10 16:39:06
314,Acajutla,13.5928,-89.8275,82.67,77,99,10.54,SV,2022-09-10 16:39:06
315,Yakeshi,49.2833,120.7333,62.58,38,6,3.91,CN,2022-09-10 16:39:06
316,Miri,4.4148,114.0089,78.94,94,40,3.44,MY,2022-09-10 16:39:07
317,Qandala,11.472,49.8728,87.08,67,44,2.91,SO,2022-09-10 16:39:07
318,Seoul,37.5683,126.9778,72.97,68,0,6.91,KR,2022-09-10 16:39:07
319,Sioux Lookout,50.1001,-91.917,62.67,55,20,6.91,CA,2022-09-10 16:39:08
320,Orshanka,56.9161,47.8933,44.92,83,94,5.5,RU,2022-09-10 16:39:08
321,Axim,4.8699,-2.2405,76.98,81,37,10.74,GH,2022-09-10 16:39:09
322,Wyndham,37.6985,-77.6125,82.58,69,40,4.61,US,2022-09-10 16:40:09
323,Yacuiba,-22.038,-63.6797,73.27,18,2,6.73,BO,2022-09-10 16:40:10
324,Phan Thiet,10.9333,108.1,77.16,90,100,4.14,VN,2022-09-10 16:40:10
325,Mizan Teferi,6.9833,35.5833,62.62,97,98,0.4,ET,2022-09-10 16:40:10
326,Woodward,36.4337,-99.3904,70.97,67,75,12.66,US,2022-09-10 16:40:11
327,Salinopolis,-0.6136,-47.3561,85.08,66,72,12.97,BR,2022-09-10 16:40:11
328,Rawson,-43.3002,-65.1023,61.39,35,0,5.21,AR,2022-09-10 16:40:11
329,Ndioum,16.5129,-14.6471,93.29,41,100,6.91,SN,2022-09-10 16:40:12
330,Buala,-8.145,159.5921,79.92,79,45,9.13,SB,2022-09-10 16:40:12
331,Kavieng,-2.5744,150.7967,81.55,76,47,13.22,PG,2022-09-10 16:40:13
332,Luderitz,-26.6481,15.1594,70.11,42,31,17.29,NA,2022-09-10 16:40:13
333,Hami,42.8,93.45,82.81,16,13,7.83,CN,2022-09-10 16:40:13
334,Karratha,-20.7377,116.8463,71.44,41,0,6.8,AU,2022-09-10 16:38:12
335,Coari,-4.085,-63.1414,99.34,30,7,4.9,BR,2022-09-10 16:40:14
336,Preobrazheniye,42.9019,133.9064,60.46,80,96,3.22,RU,2022-09-10 16:40:14
337,Kushiro,42.975,144.3747,52.18,80,0,6.29,JP,2022-09-10 16:40:15
338,Portlethen,57.0547,-2.1307,62.78,74,100,9.22,GB,2022-09-10 16:40:15
339,Havoysund,70.9963,24.6622,46.63,86,100,22.15,NO,2022-09-10 16:40:15
340,Leh,34.1667,77.5833,61.07,51,75,4.94,IN,2022-09-10 16:40:16
341,Mnogovershinnyy,53.9353,139.9242,51.39,84,88,1.59,RU,2022-09-10 16:40:16
342,Kieta,-6.2167,155.6333,78.12,84,60,5.93,PG,2022-09-10 16:40:16
343,Severo-Kurilsk,50.6789,156.125,51.73,91,19,13.2,RU,2022-09-10 16:40:17
344,Kyshtovka,56.555,76.6271,44.26,85,54,3.42,RU,2022-09-10 16:40:17
345,Santa Isabel Do Rio Negro,-0.4139,-65.0192,95.0,40,98,5.7,BR,2022-09-10 16:40:17
346,Jalu,29.0331,21.5482,89.01,19,0,10.09,LY,2022-09-10 16:40:18
347,Lorengau,-2.0226,147.2712,80.4,81,37,6.15,PG,2022-09-10 16:40:18
348,Khandbari,27.3747,87.2039,71.64,88,51,2.59,NP,2022-09-10 16:40:18
349,Sitka,57.0531,-135.33,51.69,87,20,5.75,US,2022-09-10 16:40:19
350,Lethem,3.3803,-59.7968,91.87,48,85,4.97,GY,2022-09-10 16:40:19
351,Hun,29.1268,15.9477,88.81,18,0,9.51,LY,2022-09-10 16:36:56
352,Redmond,47.674,-122.1215,79.09,52,0,4.12,US,2022-09-10 16:39:31
353,Peace River,56.2501,-117.286,62.91,48,40,8.05,CA,2022-09-10 16:40:20
354,Grand-Santi,4.25,-54.3833,94.77,36,74,4.05,GF,2022-09-10 16:40:20
355,Barpali,21.2,83.5833,77.58,93,100,8.01,IN,2022-09-10 16:40:21
356,Gavle,60.6745,17.1417,59.38,64,9,1.99,SE,2022-09-10 16:40:21
357,Varadero,23.1536,-81.2514,90.36,67,99,5.06,CU,2022-09-10 16:40:21
358,Mus,39.0,41.75,68.32,15,0,4.74,TR,2022-09-10 16:40:22
359,Dunda,-8.1167,34.25,77.67,37,99,10.07,TZ,2022-09-10 16:40:22
360,Eldorado,-23.7869,-54.2836,75.07,49,29,9.01,BR,2022-09-10 16:40:22
361,Camana,-16.6228,-72.7111,63.82,72,44,10.51,PE,2022-09-10 16:40:23
362,Egvekinot,66.3167,-179.1667,35.08,79,0,4.85,RU,2022-09-10 16:40:23
363,Asfi,32.2994,-9.2372,75.47,76,12,18.37,MA,2022-09-10 16:40:24
364,Caravelas,-17.7125,-39.2481,79.5,48,0,10.04,BR,2022-09-10 16:40:24
365,Morgan City,29.6994,-91.2068,84.02,59,4,2.59,US,2022-09-10 16:40:24
366,Ankang,32.68,109.0172,66.61,93,50,0.85,CN,2022-09-10 16:40:25
367,Acapulco,16.8634,-99.8901,78.62,89,100,6.91,MX,2022-09-10 16:36:21
368,Kidal,18.4411,1.4078,99.09,22,78,8.23,ML,2022-09-10 16:41:25
369,Hurricane,37.1753,-113.2899,80.94,52,99,5.39,US,2022-09-10 16:41:26
370,Brigantine,39.4101,-74.3646,81.19,72,20,8.05,US,2022-09-10 16:41:26
371,Kindia,10.0569,-12.8658,75.0,81,100,2.75,GN,2022-09-10 16:41:26
372,Aklavik,68.2191,-135.0107,44.11,97,100,6.04,CA,2022-09-10 16:41:27
373,Launceston,-41.45,147.1667,44.8,78,50,10.36,AU,2022-09-10 16:41:27
374,Tarapur,19.85,72.7,80.89,89,98,8.03,IN,2022-09-10 16:41:27
375,Terrace Bay,48.7834,-87.1,60.6,76,100,5.53,CA,2022-09-10 16:41:28
376,Nalut,30.3333,10.85,96.39,14,0,13.18,LY,2022-09-10 16:41:28
377,Tual,-5.6667,132.75,80.69,82,100,10.67,ID,2022-09-10 16:41:28
378,Boulsa,12.6675,-0.5758,82.4,71,88,10.2,BF,2022-09-10 16:41:28
379,Bambari,5.768,20.6757,72.55,94,98,3.04,CF,2022-09-10 16:41:29
380,Saint-Francois,46.4154,3.9054,71.04,46,40,8.05,FR,2022-09-10 16:41:29
381,Dunedin,-45.8742,170.5036,46.8,84,47,7.0,NZ,2022-09-10 16:38:57
382,Shaoguan,24.8,113.5833,79.7,62,73,0.54,CN,2022-09-10 16:41:29
383,Yanam,16.7333,82.2167,76.35,96,100,6.35,IN,2022-09-10 16:41:30
384,Corinto,37.9407,22.9573,85.89,61,0,2.35,GR,2022-09-10 16:41:30
385,Sechura,-5.5569,-80.8222,74.1,57,97,11.56,PE,2022-09-10 16:41:30
386,Kloulklubed,7.0419,134.2556,77.5,67,93,3.49,PW,2022-09-10 16:41:31
387,Nanga Eboko,4.6833,12.3667,69.85,98,99,1.48,CM,2022-09-10 16:41:31
388,General Higinio Morinigo,-25.95,-55.9167,69.42,22,3,6.4,PY,2022-09-10 16:41:31
389,Los Llanos De Aridane,28.6585,-17.9182,74.95,92,40,9.22,ES,2022-09-10 16:41:32
390,Emba,48.8264,58.1442,50.32,73,100,25.46,KZ,2022-09-10 16:41:32
391,Varzea Da Palma,-17.5981,-44.7308,96.44,13,1,3.49,BR,2022-09-10 16:41:33
392,Atocha,-20.9333,-66.2333,57.18,16,1,25.99,BO,2022-09-10 16:41:33
393,Taphan Hin,16.2209,100.4198,76.44,94,100,4.88,TH,2022-09-10 16:41:33
394,Pafos,34.7667,32.4167,82.18,69,0,9.22,CY,2022-09-10 16:41:34
395,Kasongo-Lunda,-6.4667,16.8167,85.1,42,68,1.03,CD,2022-09-10 16:41:34
396,Teguldet,57.3064,88.1667,44.74,97,99,4.21,RU,2022-09-10 16:41:35
397,Port Lincoln,-34.7333,135.8667,49.6,76,1,5.19,AU,2022-09-10 16:41:35
398,Touros,-5.1989,-35.4608,82.53,60,5,18.43,BR,2022-09-10 16:41:35
399,Victoria,22.2855,114.1577,85.17,81,11,5.01,HK,2022-09-10 16:40:19
400,Gyor,47.6833,17.6351,70.12,46,20,17.27,HU,2022-09-10 16:41:36
401,Camacha,33.0833,-16.3333,76.42,69,20,10.36,PT,2022-09-10 16:41:36
402,Olinda,-8.0089,-34.8553,78.53,69,75,11.5,BR,2022-09-10 16:41:36
403,Lakes Entrance,-37.8811,147.981,43.16,65,74,16.96,AU,2022-09-10 16:41:37
404,Mangrol,21.1167,70.1167,82.83,84,100,1.34,IN,2022-09-10 16:41:37
405,Jablah,35.3614,35.9256,84.49,58,0,6.91,SY,2022-09-10 16:41:38
406,San Pedro De Macoris,18.4616,-69.2972,92.01,65,59,4.85,DO,2022-09-10 16:41:38
407,Ponta Delgada,37.7333,-25.6667,74.5,88,40,24.16,PT,2022-09-10 16:41:38
408,Rolante,-29.6506,-50.5758,63.66,43,1,7.02,BR,2022-09-10 16:41:39
409,Kabrai,25.4167,80.0167,87.19,59,27,5.44,IN,2022-09-10 16:41:39
410,Margate,51.3813,1.3862,71.69,77,13,3.0,GB,2022-09-10 16:41:39
411,Morondava,-20.2833,44.2833,74.37,73,0,11.39,MG,2022-09-10 16:41:40
412,Letlhakeng,-24.0944,25.0298,74.82,14,0,2.77,BW,2022-09-10 16:41:40
413,Lyuban,52.7985,28.0048,46.96,91,100,17.54,BY,2022-09-10 16:42:40
414,Nova Londrina,-22.7658,-52.985,84.33,44,41,10.27,BR,2022-09-10 16:42:41
415,Ruteng,-8.6136,120.4721,62.06,95,84,1.7,ID,2022-09-10 16:42:41
416,Tambopata,-12.7333,-69.1833,87.69,58,0,5.75,PE,2022-09-10 16:42:41
417,Upington,-28.4478,21.2561,84.58,12,0,8.05,ZA,2022-09-10 16:42:42
418,Brokopondo,4.75,-55.1667,89.29,43,21,1.86,SR,2022-09-10 16:42:42
419,Tawang,27.5833,91.8667,54.95,98,98,1.48,IN,2022-09-10 16:42:42
420,Pokhara,28.2333,83.9833,72.18,82,30,4.88,NP,2022-09-10 16:42:43
421,Alexandria,31.2156,29.9553,81.14,62,0,9.62,EG,2022-09-10 16:41:59
422,Kaeo,-35.1,173.7833,44.33,94,74,2.17,NZ,2022-09-10 16:42:43
423,Kamaishi,39.2667,141.8833,64.8,87,68,8.21,JP,2022-09-10 16:42:44
424,Dzerzhinsk,56.2389,43.4631,46.22,81,40,2.24,RU,2022-09-10 16:42:44
425,Huarmey,-10.0681,-78.1522,66.79,70,49,12.28,PE,2022-09-10 16:42:44
426,Arraial Do Cabo,-22.9661,-42.0278,91.36,57,0,17.27,BR,2022-09-10 16:42:45
427,Rosarito,32.3333,-117.0333,75.67,75,100,9.44,MX,2022-09-10 16:42:45
428,Piopio,-38.4667,175.0167,44.58,99,91,0.65,NZ,2022-09-10 16:42:45
429,Puerto Palomas,31.7667,-107.6167,81.77,43,30,6.62,MX,2022-09-10 16:42:46
430,Belaya Gora,68.5333,146.4167,43.18,83,100,4.45,RU,2022-09-10 16:42:46
431,Hualmay,-11.0964,-77.6139,65.05,70,64,9.24,PE,2022-09-10 16:42:47
432,Menongue,-14.6585,17.691,76.33,14,14,6.04,AO,2022-09-10 16:42:47
433,Tarabuco,-19.1667,-64.9167,60.42,39,43,13.04,BO,2022-09-10 16:42:47
434,Nueva Concepcion,14.2,-91.3,85.06,74,88,11.43,GT,2022-09-10 16:42:48
435,Samana,19.2056,-69.3369,89.82,70,20,9.22,DO,2022-09-10 16:42:48
436,Claveria,18.6074,121.0832,78.55,85,100,4.85,PH,2022-09-10 16:42:48
437,Hovd,48.0056,91.6419,59.67,41,1,4.27,MN,2022-09-10 16:42:48
438,Jiuquan,39.7432,98.5174,70.68,15,0,9.01,CN,2022-09-10 16:42:49
439,Basoko,1.2391,23.616,77.2,82,99,0.94,CD,2022-09-10 16:42:49
440,Havelock,34.8791,-76.9013,82.4,88,100,8.05,US,2022-09-10 16:42:49
441,Cabedelo,-6.9811,-34.8339,83.07,69,46,14.38,BR,2022-09-10 16:42:50
442,Mecca,21.4267,39.8261,93.88,37,79,3.24,SA,2022-09-10 16:40:02
443,Port Hardy,50.6996,-127.4199,50.18,100,100,3.44,CA,2022-09-10 16:42:50
444,El Cobre,20.0489,-75.9469,89.04,58,40,6.91,CU,2022-09-10 16:42:51
445,Agirish,61.9247,63.0231,42.21,84,99,3.69,RU,2022-09-10 16:42:51
446,Orbetello,42.4408,11.2196,82.42,60,64,2.3,IT,2022-09-10 16:42:51
447,Springbok,-29.6643,17.8865,64.89,28,56,5.39,ZA,2022-09-10 16:42:52
448,Zhangye,38.9342,100.4517,69.35,22,1,4.47,CN,2022-09-10 16:42:52
449,Saint-Michel-Des-Saints,46.6834,-73.9159,76.93,44,1,6.67,CA,2022-09-10 16:42:19
450,Nelson Bay,-32.7167,152.15,59.09,82,6,13.0,AU,2022-09-10 16:42:52
451,Rocha,-34.4833,-54.3333,55.08,53,14,15.66,UY,2022-09-10 16:38:26
452,Chippewa Falls,44.9369,-91.3929,60.98,90,40,3.44,US,2022-09-10 16:42:53
453,Krasnoselkup,65.7,82.4667,41.18,52,100,4.5,RU,2022-09-10 16:42:53
454,Vengerovo,55.6848,76.7471,46.58,67,47,5.01,RU,2022-09-10 16:42:54
455,Tevriz,57.509,72.4042,40.68,97,67,4.23,RU,2022-09-10 16:42:54
456,Okato,-39.2,173.8833,49.91,100,73,3.29,NZ,2022-09-10 16:42:55
457,West Plains,36.7281,-91.8524,78.22,79,100,4.61,US,2022-09-10 16:42:55
458,Kendari,-3.945,122.4989,74.34,87,94,2.13,ID,2022-09-10 16:42:56
459,Santa Maria,-29.6842,-53.8069,56.5,47,0,6.91,BR,2022-09-10 16:41:56
460,Izhma,65.0083,53.9113,41.13,96,89,3.06,RU,2022-09-10 16:40:51
461,Kirkenaer,60.4564,12.0582,52.27,78,100,1.36,NO,2022-09-10 16:43:56
462,Safford,32.834,-109.7076,82.11,57,0,12.66,US,2022-09-10 16:43:57
463,Itupiranga,-5.1347,-49.3267,98.92,22,18,1.48,BR,2022-09-10 16:43:57
464,Yelan,50.949,43.7378,49.17,53,6,8.08,RU,2022-09-10 16:43:57
465,Ekibastuz,51.6667,75.3667,63.99,26,94,14.88,KZ,2022-09-10 16:43:58
466,Sur,22.5667,59.5289,86.79,55,88,11.7,OM,2022-09-10 16:43:58
467,Corn Island,12.1694,-83.0418,82.63,74,98,1.97,NI,2022-09-10 16:43:58
468,Hatfield,51.7634,-0.2242,70.48,78,96,8.05,GB,2022-09-10 16:43:58
469,Chifeng,42.2683,118.9636,63.97,62,94,5.28,CN,2022-09-10 16:43:59
470,Bilma,18.6853,12.9164,98.11,12,76,6.62,NE,2022-09-10 16:43:59
471,Kenai,60.5544,-151.2583,49.08,81,0,12.66,US,2022-09-10 16:44:00
472,Mishkino,55.3389,63.9175,50.13,60,100,11.9,RU,2022-09-10 16:44:00
473,Bilibino,68.0546,166.4372,43.21,74,60,2.04,RU,2022-09-10 16:44:00
474,Coquimbo,-29.9533,-71.3436,53.33,87,100,5.75,CL,2022-09-10 16:44:01
475,Bosaso,11.2842,49.1816,89.71,57,59,3.27,SO,2022-09-10 16:44:01
476,Chantada,42.6088,-7.7712,87.55,34,3,9.01,ES,2022-09-10 16:44:01
477,Shenjiamen,29.9576,122.298,75.83,81,8,6.2,CN,2022-09-10 16:44:02
478,Isangel,-19.55,169.2667,73.6,87,4,5.14,VU,2022-09-10 16:44:02
479,Usolye-Sibirskoye,52.7519,103.6453,44.19,86,4,2.57,RU,2022-09-10 16:44:02
480,Cururupu,-1.8283,-44.8683,87.33,56,12,8.66,BR,2022-09-10 16:44:03
481,Ganzhou,28.8184,115.4327,73.65,64,32,4.68,CN,2022-09-10 16:44:03
482,Chanute,37.6792,-95.4572,82.51,47,40,8.05,US,2022-09-10 16:42:58
483,Boguchany,58.3814,97.4531,43.63,92,68,4.25,RU,2022-09-10 16:44:04
484,Aitape,-3.1374,142.3475,77.23,88,97,3.13,PG,2022-09-10 16:44:04
485,Pavilosta,56.8879,21.1859,60.71,62,100,8.48,LV,2022-09-10 16:44:05
486,Russkaya Polyana,49.417,31.9201,53.85,79,100,17.25,UA,2022-09-10 16:44:05
487,San Cristobal,7.7669,-72.225,84.38,49,39,9.71,VE,2022-09-10 16:43:40
488,Marrakesh,31.6315,-8.0083,95.07,31,75,11.5,MA,2022-09-10 16:40:21
489,Inhambane,-23.865,35.3833,69.93,82,0,11.18,MZ,2022-09-10 16:44:06
490,Ginir,7.1333,40.7,65.55,59,100,8.61,ET,2022-09-10 16:44:06
491,Maumere,-8.6199,122.2111,78.15,75,84,5.28,ID,2022-09-10 16:44:06
492,Finnsnes,69.2296,17.9811,50.76,88,100,3.78,NO,2022-09-10 16:44:07
493,Carai,-17.1889,-41.6947,87.75,19,0,5.95,BR,2022-09-10 16:44:07
494,Beruwala,6.4788,79.9828,78.01,88,96,8.16,LK,2022-09-10 16:44:07
495,Arman,59.7,150.1667,48.02,82,0,4.76,RU,2022-09-10 16:44:08
496,Tura,25.5198,90.2201,74.07,97,29,4.47,IN,2022-09-10 16:40:13
497,Sakakah,29.9697,40.2064,105.37,10,0,7.47,SA,2022-09-10 16:40:56
498,Manzanillo,20.3433,-77.1167,89.8,51,12,2.73,CU,2022-09-10 16:44:08
499,Takoradi,4.8845,-1.7554,78.3,78,55,12.71,GH,2022-09-10 16:44:09
500,Bundaberg,-24.85,152.35,65.21,61,97,4.0,AU,2022-09-10 16:44:09
501,Peniche,39.3558,-9.3811,81.09,81,3,7.27,PT,2022-09-10 16:44:10
502,Viedma,-40.8135,-62.9967,68.7,17,0,8.79,AR,2022-09-10 16:44:10
503,Camacupa,-12.0167,17.4833,77.09,17,32,5.93,AO,2022-09-10 16:44:11
504,Clyde River,70.4692,-68.5914,39.43,93,100,6.91,CA,2022-09-10 16:44:11
505,Zyryanka,65.75,150.85,42.84,90,100,2.26,RU,2022-09-10 16:44:11
506,Santo Augusto,-27.8508,-53.7772,57.72,52,25,9.53,BR,2022-09-10 16:44:12
507,Yei,4.095,30.6779,67.93,94,66,1.19,SS,2022-09-10 16:45:12
508,Kununurra,-15.7667,128.7333,78.78,65,11,5.75,AU,2022-09-10 16:45:13
509,Corrente,-3.7367,-43.3394,100.92,25,28,2.01,BR,2022-09-10 16:45:13
510,Muros,42.7762,-9.0603,83.68,61,20,1.97,ES,2022-09-10 16:45:13
511,Itarema,-2.9248,-39.9167,86.85,53,2,18.1,BR,2022-09-10 16:45:14
512,Vinkovci,45.2883,18.8047,74.25,49,0,8.05,HR,2022-09-10 16:45:14
513,Weida,50.7667,12.0667,64.96,80,86,7.27,DE,2022-09-10 16:45:14
514,Padang,-0.9492,100.3543,77.5,84,98,3.38,ID,2022-09-10 16:45:15
515,Shelabolikha,53.4131,82.6167,52.2,36,71,8.43,RU,2022-09-10 16:45:15
516,Levelland,33.5873,-102.378,77.2,50,26,7.09,US,2022-09-10 16:45:15
517,Iconha,-20.7931,-40.8111,91.81,33,4,9.62,BR,2022-09-10 16:45:16
518,Usinsk,65.9939,57.5281,42.82,89,100,6.24,RU,2022-09-10 16:45:16
519,Umm Kaddadah,13.6017,26.6876,96.01,26,77,6.8,SD,2022-09-10 16:45:17
520,Vikulovo,56.8167,70.6107,42.67,92,49,5.77,RU,2022-09-10 16:45:17
521,Kyra,49.5776,111.9753,54.34,78,99,5.55,RU,2022-09-10 16:45:17
522,Lubango,-14.9172,13.4925,78.66,34,75,5.75,AO,2022-09-10 16:43:08
523,Hibbing,47.4272,-92.9377,63.82,55,0,6.91,US,2022-09-10 16:45:18
524,Druzhba,52.0428,33.9453,57.54,33,87,9.86,UA,2022-09-10 16:45:18
525,Westport,41.1415,-73.3579,84.97,56,50,7.0,US,2022-09-10 16:44:37
526,Sao Filipe,14.8961,-24.4956,80.29,79,61,2.3,CV,2022-09-10 16:45:19
527,Bella Vista,36.4295,-94.2316,84.56,64,0,4.61,US,2022-09-10 16:43:49
528,Atherton,53.5237,-2.4935,67.75,69,100,1.01,GB,2022-09-10 16:45:19
529,Gaoua,10.2992,-3.2508,78.03,86,94,4.81,BF,2022-09-10 16:45:19
530,Vilyuysk,63.7553,121.6247,33.31,80,12,8.97,RU,2022-09-10 16:45:20
531,Cascais,38.6979,-9.4215,85.35,61,0,7.0,PT,2022-09-10 16:45:20
532,Loukhi,66.0764,33.0381,50.47,83,100,4.38,RU,2022-09-10 16:45:21
533,Melito Di Porto Salvo,37.9222,15.7714,84.76,54,1,12.66,IT,2022-09-10 16:45:21
534,Ewa Beach,21.3156,-158.0072,77.09,88,0,8.05,US,2022-09-10 16:45:21
535,Kulashi,42.2044,42.3494,68.09,73,0,2.3,GE,2022-09-10 16:45:22
536,Kamenka,51.3223,42.7678,48.54,53,6,7.83,RU,2022-09-10 16:45:22
537,San Quintin,30.4833,-115.95,77.34,72,100,14.65,MX,2022-09-10 16:45:22
538,Kulhudhuffushi,6.6221,73.07,80.26,84,67,12.95,MV,2022-09-10 16:45:23
539,Leshukonskoye,64.8989,45.7622,46.71,90,100,2.39,RU,2022-09-10 16:45:23
540,Okhotsk,59.3833,143.3,49.05,60,67,19.39,RU,2022-09-10 16:45:23
541,Pirot,43.1531,22.5861,67.89,81,23,3.6,RS,2022-09-10 16:45:24
542,Dustlik,40.5247,68.0358,75.16,34,9,8.25,UZ,2022-09-10 16:45:24
543,Starodub,52.5844,32.7633,56.01,39,86,7.78,RU,2022-09-10 16:45:25
544,Alyangula,-13.8483,136.4192,74.41,82,76,5.5,AU,2022-09-10 16:45:25
545,Berezniki,59.4152,56.8124,42.62,98,100,3.42,RU,2022-09-10 16:41:59
546,Roma,43.2128,-75.4557,81.68,56,0,0.0,US,2022-09-10 16:42:17
547,Marsh Harbour,26.5412,-77.0636,86.2,68,6,10.0,BS,2022-09-10 16:45:25
548,Kimberley,-28.7323,24.7623,82.09,10,0,11.5,ZA,2022-09-10 16:45:00
549,Ouro Preto Do Oeste,-10.7481,-62.2158,101.19,25,14,5.32,BR,2022-09-10 16:45:26
550,Nevelsk,46.6733,141.8633,55.89,60,0,6.35,RU,2022-09-10 16:45:26
551,Forrest City,35.0081,-90.7898,70.59,91,97,7.63,US,2022-09-10 16:43:54
552,Lewistown,40.5992,-77.5714,77.61,81,20,4.61,US,2022-09-10 16:45:27
553,Phangnga,8.4509,98.5298,80.64,91,100,3.13,TH,2022-09-10 16:46:27
554,Vitim,59.4511,112.5578,38.05,93,74,4.5,RU,2022-09-10 16:46:27
555,Te Anau,-45.4167,167.7167,33.57,90,31,0.72,NZ,2022-09-10 16:46:28
556,Omboue,-1.5746,9.2618,76.55,82,84,9.15,GA,2022-09-10 16:46:28
557,West Bay,19.3667,-81.4167,89.67,66,20,5.75,KY,2022-09-10 16:46:28
558,Jadu,31.953,12.0261,91.81,19,0,12.75,LY,2022-09-10 16:46:29
559,Verkhoyansk,67.5447,133.385,37.69,63,81,10.58,RU,2022-09-10 16:46:29
560,Ust-Omchug,61.15,149.6333,37.65,76,7,3.56,RU,2022-09-10 16:46:29
561,Port Hedland,-20.3167,118.5667,66.25,88,0,4.61,AU,2022-09-10 16:46:30
562,Baghdad,33.3406,44.4009,94.91,23,0,5.75,IQ,2022-09-10 16:46:30
563,Casambalangan,18.3765,122.1274,79.52,86,100,7.47,PH,2022-09-10 16:46:30
564,Rucheng,32.3883,120.5553,73.96,96,41,4.94,CN,2022-09-10 16:46:31
565,Hojai,26.0,92.8667,76.21,90,8,4.52,IN,2022-09-10 16:46:12
566,Sanger,36.708,-119.556,87.82,59,75,8.05,US,2022-09-10 16:46:31
567,Maniitsoq,65.4167,-52.9,44.92,78,100,14.63,GL,2022-09-10 16:46:31
568,Vanimo,-2.6741,141.3028,77.02,90,95,3.8,PG,2022-09-10 16:46:32
569,Bambous Virieux,-20.3428,57.7575,70.21,64,40,6.91,MU,2022-09-10 16:46:32
570,Butte,39.6499,-121.5677,90.99,23,0,5.75,US,2022-09-10 16:46:32
571,Rikitea,-23.1203,-134.9692,72.45,73,5,15.17,PF,2022-09-10 16:46:33
572,Kirakira,-10.4544,161.9205,77.86,87,32,7.34,SB,2022-09-10 16:46:33
573,Tamworth,52.634,-1.6959,68.99,77,96,5.14,GB,2022-09-10 16:46:34
574,Knysna,-34.0363,23.0471,58.77,77,99,5.82,ZA,2022-09-10 16:46:34
575,San Patricio,28.017,-97.5169,89.91,50,42,3.8,US,2022-09-10 16:46:34
576,La Asuncion,11.0333,-63.8628,87.53,62,17,16.11,VE,2022-09-10 16:46:35
577,Ostrovnoy,68.0531,39.5131,48.78,85,93,8.14,RU,2022-09-10 16:46:35
578,Tsuruga,35.6455,136.0558,75.63,91,48,2.37,JP,2022-09-10 16:46:35
579,Punta Arenas,-53.15,-70.9167,50.11,57,0,13.8,CL,2022-09-10 16:46:36
580,Kaitangata,-46.2817,169.8464,39.11,95,16,3.33,NZ,2022-09-10 16:46:36
581,Hamilton,39.1834,-84.5333,81.73,68,75,5.75,US,2022-09-10 16:43:36
582,Busselton,-33.65,115.3333,50.41,90,71,4.0,AU,2022-09-10 16:46:37
583,Alice Springs,-23.7,133.8833,57.22,26,100,0.0,AU,2022-09-10 16:43:24
584,Valparaiso,-33.0393,-71.6273,61.0,83,100,14.97,CL,2022-09-10 16:46:37
585,Constitucion,-35.3333,-72.4167,56.98,57,0,4.83,CL,2022-09-10 16:46:38
586,Bredasdorp,-34.5322,20.0403,56.95,69,80,11.83,ZA,2022-09-10 16:46:38
587,Pisco,-13.7,-76.2167,65.01,77,100,6.91,PE,2022-09-10 16:46:38
588,Mehamn,71.0357,27.8492,46.35,93,100,16.11,NO,2022-09-10 16:46:38
589,Leningradskiy,69.3833,178.4167,34.61,89,18,9.95,RU,2022-09-10 16:46:39
590,Vardo,70.3705,31.1107,49.98,71,100,16.11,NO,2022-09-10 16:46:39
591,Mataura,-46.1927,168.8643,36.57,98,16,2.57,NZ,2022-09-10 16:46:39
592,Tignere,7.3667,12.65,66.24,94,95,0.96,CM,2022-09-10 16:46:40
593,Kharp,66.8014,65.8081,35.71,90,83,5.19,RU,2022-09-10 16:46:40
594,Narsaq,60.9167,-46.05,55.62,52,17,5.57,GL,2022-09-10 16:46:40
595,Dingle,10.9995,122.6711,74.84,90,83,4.12,PH,2022-09-10 16:46:41
596,Khatanga,71.9667,102.5,32.9,95,100,9.31,RU,2022-09-10 16:46:41
597,Bluff,-46.6,168.3333,41.79,89,8,5.03,NZ,2022-09-10 16:46:41
598,Albany,42.6001,-73.9662,80.24,63,79,2.06,US,2022-09-10 16:43:32
599,Xifeng,42.7372,124.7222,65.25,86,100,2.39,CN,2022-09-10 16:46:42
600,Chokurdakh,70.6333,147.9167,38.57,93,100,5.01,RU,2022-09-10 16:46:42
601,Chicama,-7.8447,-79.1469,59.54,60,55,9.93,PE,2022-09-10 16:46:42
602,Lebu,-37.6167,-73.65,53.4,70,4,17.6,CL,2022-09-10 16:46:43
603,Tahta,26.7693,31.5021,92.75,21,0,13.6,EG,2022-09-10 16:46:43
604,Yellowknife,62.456,-114.3525,50.52,76,40,11.5,CA,2022-09-10 16:46:44
605,Lata,40.1629,-8.3327,83.48,51,0,8.52,PT,2022-09-10 16:46:44
606,Ilinskiy,55.619,38.1182,55.31,58,0,0.0,RU,2022-09-10 16:46:44
607,Alofi,-19.0595,-169.9187,67.89,100,90,3.44,NU,2022-09-10 16:46:45
608,Puerto Ayora,-0.7393,-90.3518,71.56,86,94,5.01,EC,2022-09-10 16:46:45
609,Cape Town,-33.9258,18.4232,59.41,80,20,9.22,ZA,2022-09-10 16:44:48
610,Ponta Do Sol,32.6667,-17.1,80.01,62,93,7.09,PT,2022-09-10 16:46:45
611,Antalaha,-14.9003,50.2788,68.81,83,6,8.39,MG,2022-09-10 16:46:46
612,Cuiluan,47.72,128.648,56.91,88,59,2.82,CN,2022-09-10 16:46:46
613,Ushuaia,-54.8,-68.3,46.06,49,0,23.02,AR,2022-09-10 16:46:47
614,Mar Del Plata,-38.0023,-57.5575,57.94,57,20,6.91,AR,2022-09-10 16:45:07
615,Azul,-36.777,-59.8585,62.35,23,0,6.15,AR,2022-09-10 16:47:47
616,Juneau,58.3019,-134.4197,51.22,96,100,6.91,US,2022-09-10 16:47:06
617,Port Elizabeth,-33.918,25.5701,62.1,91,0,6.91,ZA,2022-09-10 16:47:47
618,Ous,60.9058,61.5186,42.37,92,100,3.94,RU,2022-09-10 16:47:48
619,Guerrero Negro,27.9769,-114.0611,79.79,66,4,8.14,MX,2022-09-10 16:46:17
620,Husavik,66.0449,-17.3389,49.62,97,78,9.28,IS,2022-09-10 16:47:48
621,Carnarvon,-24.8667,113.6333,65.5,71,0,16.75,AU,2022-09-10 16:47:48
622,Barrow,71.2906,-156.7887,35.62,93,100,16.11,US,2022-09-10 16:47:49
623,Vestmannaeyjar,63.4427,-20.2734,54.59,94,75,8.05,IS,2022-09-10 16:47:49
624,Longyearbyen,78.2186,15.6401,35.44,64,75,14.97,SJ,2022-09-10 16:47:49
625,Jamestown,42.097,-79.2353,78.03,47,96,5.01,US,2022-09-10 16:47:50
626,Yichun,47.7,128.9,55.09,89,57,2.84,CN,2022-09-10 16:46:11
627,Rongcheng,30.634,117.8517,67.12,71,52,2.48,CN,2022-09-10 16:47:50
628,Taltal,-25.4,-70.4833,60.08,68,7,7.36,CL,2022-09-10 16:47:50
629,Dikson,73.5069,80.5464,35.94,76,77,4.32,RU,2022-09-10 16:47:51
630,Sola,-13.8833,167.55,79.97,76,33,18.5,VU,2022-09-10 16:47:51
631,Edea,3.8,10.1333,73.69,96,99,2.37,CM,2022-09-10 16:47:51
632,Vaini,-21.2,-175.2,73.56,94,20,5.75,TO,2022-09-10 16:47:52
633,Alta Floresta,-9.8756,-56.0861,96.62,32,0,4.61,BR,2022-09-10 16:47:52
634,Solwezi,-12.1688,26.3894,71.2,27,8,3.83,ZM,2022-09-10 16:47:52
635,Faanui,-16.4833,-151.75,78.3,72,13,20.29,PF,2022-09-10 16:47:53
636,Hermanus,-34.4187,19.2345,56.8,80,68,13.89,ZA,2022-09-10 16:47:53
637,Saint George,37.1041,-113.5841,84.63,55,75,14.97,US,2022-09-10 16:47:47
638,Kuytun,54.3419,101.5036,43.05,88,49,4.09,RU,2022-09-10 16:47:53
639,San Rafael,-34.6177,-68.3301,67.95,13,0,18.72,AR,2022-09-10 16:47:16
640,Oktyabrskiy,54.4815,53.471,46.76,72,94,10.38,RU,2022-09-10 16:47:54
641,Khirkiya,22.1674,76.8605,79.54,85,100,3.65,IN,2022-09-10 16:47:54
642,Orlik,52.5178,99.825,40.57,82,52,2.24,RU,2022-09-10 16:47:54
643,Lompoc,34.6391,-120.4579,78.94,88,75,9.22,US,2022-09-10 16:45:45
644,Bethel,41.3712,-73.414,84.06,51,0,5.75,US,2022-09-10 16:47:55
645,Havre-Saint-Pierre,50.2334,-63.5986,66.56,77,0,6.91,CA,2022-09-10 16:47:55
646,Port Augusta,-32.5,137.7667,48.33,76,67,5.12,AU,2022-09-10 16:47:56
647,Kodiak,57.79,-152.4072,49.51,81,100,3.44,US,2022-09-10 16:47:56
648,Tanggu,39.0211,117.6469,67.96,70,10,8.1,CN,2022-09-10 16:47:56
649,Nome,64.5011,-165.4064,44.67,82,100,8.05,US,2022-09-10 16:45:49
650,New Norfolk,-42.7826,147.0587,47.71,76,99,3.0,AU,2022-09-10 16:47:57
651,Lagoa,39.05,-27.9833,72.48,78,100,27.2,PT,2022-09-10 16:47:57
652,Avarua,-21.2078,-159.775,75.25,88,75,6.91,CK,2022-09-10 16:47:57
653,Cidreira,-30.1811,-50.2056,57.81,48,2,16.67,BR,2022-09-10 16:47:58
654,Laguna,38.421,-121.4238,84.97,51,0,6.91,US,2022-09-10 16:47:58
655,Shulin,22.7454,108.423,79.36,84,100,2.82,CN,2022-09-10 16:47:58
656,Winslow,35.0242,-110.6974,73.58,56,0,0.0,US,2022-09-10 16:47:59
657,Tautira,-17.7333,-149.15,77.04,74,25,23.26,PF,2022-09-10 16:47:59
658,Yulara,-25.2406,130.9889,53.44,100,100,5.75,AU,2022-09-10 16:47:59
659,Hithadhoo,-0.6,73.0833,82.0,71,9,12.77,MV,2022-09-10 16:48:00
660,Vertientes,21.2594,-78.1464,90.21,53,83,9.51,CU,2022-09-10 16:48:00
661,Wielun,51.221,18.5696,59.74,85,100,5.86,PL,2022-09-10 16:48:00
662,Bereda,43.2686,-7.5406,88.41,51,21,6.35,ES,2022-09-10 16:48:01
663,Oskarshamn,57.2645,16.4484,60.98,84,58,6.78,SE,2022-09-10 16:49:01
664,Chuy,-33.6971,-53.4616,57.36,49,20,13.38,UY,2022-09-10 16:49:02
665,Dali,25.7,100.1833,60.55,97,100,3.0,CN,2022-09-10 16:46:37
666,Airai,-8.9266,125.4092,57.88,88,90,1.57,TL,2022-09-10 16:49:02
667,Kaoma,-14.7833,24.8,74.1,20,0,5.61,ZM,2022-09-10 16:49:03
668,Cherskiy,68.75,161.3,46.83,93,100,2.71,RU,2022-09-10 16:49:03
669,Souillac,-20.5167,57.5167,70.18,64,40,6.91,MU,2022-09-10 16:49:03
670,Zaysan,47.4667,84.8667,60.84,46,19,2.17,KZ,2022-09-10 16:49:04
671,Cockburn Town,21.4612,-71.1419,87.76,70,40,11.5,TC,2022-09-10 16:49:04
672,Longyan,25.1072,117.0225,71.15,89,13,1.77,CN,2022-09-10 16:49:05
673,Umm Lajj,25.0213,37.2685,86.47,69,1,8.81,SA,2022-09-10 16:49:05
674,Dehloran,32.6941,47.2679,98.89,10,0,8.81,IR,2022-09-10 16:49:05
675,Upernavik,72.7868,-56.1549,44.28,89,100,11.23,GL,2022-09-10 16:49:06
676,Bandarbeyla,9.4942,50.8122,78.55,79,36,28.68,SO,2022-09-10 16:49:06
677,Boyolangu,-8.1181,111.8935,74.53,95,95,4.16,ID,2022-09-10 16:49:06
678,Bathsheba,13.2167,-59.5167,88.41,70,40,10.36,BB,2022-09-10 16:49:07
679,Longkou,37.6508,120.3286,69.4,79,26,5.66,CN,2022-09-10 16:49:07
680,Port Alfred,-33.5906,26.891,64.18,91,71,4.0,ZA,2022-09-10 16:49:08
681,Fortuna,40.5982,-124.1573,57.54,42,59,4.43,US,2022-09-10 16:49:08
682,Olafsvik,64.8945,-23.7142,54.55,78,90,9.37,IS,2022-09-10 16:49:08
683,Lyubytino,58.8122,33.3922,46.71,71,23,0.51,RU,2022-09-10 16:49:09
684,Marsa Matruh,31.3525,27.2453,80.8,61,0,11.5,EG,2022-09-10 16:49:09
685,Salalah,17.0151,54.0924,78.89,89,0,5.75,OM,2022-09-10 16:49:09
686,East London,-33.0153,27.9116,67.14,82,20,4.61,ZA,2022-09-10 16:49:10
687,Lasa,46.6166,10.7002,65.28,79,62,2.95,IT,2022-09-10 16:49:10
688,Castro,-24.7911,-50.0119,79.75,49,62,8.34,BR,2022-09-10 16:49:11
689,Hobart,-42.8794,147.3294,48.06,69,40,14.97,AU,2022-09-10 16:49:11
690,Port Blair,11.6667,92.75,80.64,83,75,2.3,IN,2022-09-10 16:49:11
691,Saint Anthony,45.0205,-93.218,68.85,79,0,9.22,US,2022-09-10 16:49:12
692,Kutum,14.2,24.6667,85.62,30,53,8.55,SD,2022-09-10 16:49:12
693,Saint-Philippe,-21.3585,55.7679,69.39,73,52,11.32,RE,2022-09-10 16:49:12
694,Weihai,37.5017,122.1136,68.68,90,1,5.46,CN,2022-09-10 16:49:13
695,Jucurutu,-6.0339,-37.0203,96.94,23,0,8.75,BR,2022-09-10 16:49:13
696,Kargil,34.5667,76.1,60.06,47,95,7.74,IN,2022-09-10 16:49:13
697,Paamiut,61.994,-49.6678,45.82,73,82,2.89,GL,2022-09-10 16:49:14
698,Vradiyivka,47.862,30.5919,60.76,80,89,12.3,UA,2022-09-10 16:49:14
699,Butaritari,3.0707,172.7902,81.27,70,19,14.45,KI,2022-09-10 16:49:15
700,Northam,51.0333,-4.2167,67.6,80,52,3.31,GB,2022-09-10 16:49:15
701,Parrita,9.5201,-84.3225,84.02,68,100,3.74,CR,2022-09-10 16:49:15
702,Lazaro Cardenas,17.9583,-102.2,85.28,70,78,6.38,MX,2022-09-10 16:49:16
703,Georgetown,5.4112,100.3354,82.33,87,20,3.44,MY,2022-09-10 16:45:10
704,Artyom,40.4723,50.333,71.74,47,22,12.03,AZ,2022-09-10 16:49:16
705,Vila Velha,-20.3297,-40.2925,87.75,42,0,17.27,BR,2022-09-10 16:49:17
706,Oranjemund,-28.55,16.4333,63.88,57,42,3.96,NA,2022-09-10 16:49:17
707,Rio Grande,-32.035,-52.0986,59.11,55,1,18.16,BR,2022-09-10 16:49:17
708,Thinadhoo,0.5333,72.9333,82.09,73,21,12.35,MV,2022-09-10 16:49:18
709,Yuli,9.6989,10.2744,74.37,91,96,3.4,NG,2022-09-10 16:50:18
710,Svetlaya,46.5389,138.3297,59.14,76,0,5.68,RU,2022-09-10 16:50:18
711,Nanortalik,60.1432,-45.2371,47.28,71,1,10.07,GL,2022-09-10 16:50:19
712,Makakilo City,21.3469,-158.0858,75.69,87,0,8.05,US,2022-09-10 16:50:19
713,Betamcherla,15.4667,78.1667,78.17,77,100,15.01,IN,2022-09-10 16:50:19
714,Torbay,47.6666,-52.7314,58.57,92,100,25.99,CA,2022-09-10 16:50:20
715,Jalalabad,34.4265,70.4515,84.38,52,0,5.19,AF,2022-09-10 16:50:20
716,Iqaluit,63.7506,-68.5145,44.33,87,75,9.22,CA,2022-09-10 16:50:21
717,Tiznit,29.5833,-9.5,87.19,35,73,8.34,MA,2022-09-10 16:50:21
718,Norman Wells,65.282,-126.8329,51.84,66,75,18.41,CA,2022-09-10 16:50:21
719,Ashington,50.9331,-0.3909,70.9,67,20,5.75,GB,2022-09-10 16:48:05
720,Tiksi,71.6872,128.8694,38.55,88,99,7.56,RU,2022-09-10 16:50:22
721,Mabaruma,8.2,-59.7833,84.45,74,41,5.84,GY,2022-09-10 16:50:22
722,Bowen,-20.0167,148.2333,65.05,71,0,4.79,AU,2022-09-10 16:50:22
723,Bengkulu,-3.8004,102.2655,75.0,85,97,4.45,ID,2022-09-10 16:49:19
724,Vao,-22.6667,167.4833,72.3,89,21,15.08,NC,2022-09-10 16:50:23
725,Pasighat,28.0667,95.3333,74.16,81,1,4.07,IN,2022-09-10 16:50:23
726,Formosa Do Rio Preto,-11.0483,-45.1931,97.0,17,0,5.23,BR,2022-09-10 16:50:24
727,Divnomorskoye,44.5011,38.1353,73.31,34,33,14.63,RU,2022-09-10 16:50:24
728,Ambilobe,-13.2,49.05,72.52,67,87,4.88,MG,2022-09-10 16:50:24
729,Palwal,28.15,77.3333,88.14,50,47,6.08,IN,2022-09-10 16:50:25
730,Tuktoyaktuk,69.4541,-133.0374,37.4,100,100,14.97,CA,2022-09-10 16:50:25
731,Cabo San Lucas,22.8909,-109.9124,87.06,69,81,1.99,MX,2022-09-10 16:50:25
732,Provideniya,64.3833,-173.3,41.5,82,11,2.1,RU,2022-09-10 16:50:26
733,Qaanaaq,77.484,-69.3632,37.38,77,91,5.93,GL,2022-09-10 16:50:26
734,Miles City,46.4083,-105.8406,54.57,66,0,4.61,US,2022-09-10 16:50:26
735,Calama,-22.4667,-68.9333,72.09,8,0,9.22,CL,2022-09-10 16:50:27
736,Atuona,-9.8,-139.0333,76.64,75,33,22.41,PF,2022-09-10 16:50:27
737,Hasaki,35.7333,140.8333,72.0,87,100,24.02,JP,2022-09-10 16:50:27
738,Anshun,26.25,105.9333,61.34,96,100,3.6,CN,2022-09-10 16:50:28
739,Sambava,-14.2667,50.1667,70.23,85,8,10.54,MG,2022-09-10 16:50:28
740,Neiafu,-18.65,-173.9833,75.88,88,40,1.14,TO,2022-09-10 16:50:29
741,Keokuk,40.3973,-91.3849,81.09,73,0,10.36,US,2022-09-10 16:50:29
742,Vostok,46.4856,135.8833,50.76,85,0,3.58,RU,2022-09-10 16:50:29
743,Ubauro,28.1652,69.7289,94.55,35,0,6.51,PK,2022-09-10 16:50:30
744,Panguipulli,-39.6333,-72.3333,54.48,67,3,3.15,CL,2022-09-10 16:47:25
745,Prado,-17.3411,-39.2208,77.74,52,0,11.63,BR,2022-09-10 16:50:30
746,Saskylakh,71.9167,114.0833,34.61,98,100,13.13,RU,2022-09-10 16:50:30
747,Mount Gambier,-37.8333,140.7667,48.54,81,100,8.52,AU,2022-09-10 16:50:31
748,Kruisfontein,-34.0033,24.7314,59.88,81,87,8.81,ZA,2022-09-10 16:50:31
749,Ilulissat,69.2167,-51.1,44.78,66,100,4.97,GL,2022-09-10 16:50:31
750,Bubaque,11.2833,-15.8333,80.29,77,55,6.51,GW,2022-09-10 16:50:32
751,Guayama,17.9841,-66.1138,85.42,84,86,10.51,PR,2022-09-10 16:46:36
752,Sinnamary,5.3833,-52.95,84.33,66,20,11.01,GF,2022-09-10 16:50:32
753,Portland,45.5234,-122.6762,82.89,28,100,15.99,US,2022-09-10 16:49:27
754,Tigzirt,36.8886,4.1198,84.27,56,6,11.77,DZ,2022-09-10 16:50:32
755,Tilichiki,60.4667,166.1,46.9,94,100,4.54,RU,2022-09-10 16:50:33
756,Komsomolskiy,40.4272,71.7189,83.12,36,97,6.91,UZ,2022-09-10 16:50:33
757,Januaria,-15.4833,-44.3667,95.56,11,3,5.26,BR,2022-09-10 16:51:33
758,Kapaa,22.0752,-159.319,77.32,90,75,12.66,US,2022-09-10 16:51:34
759,Colares,38.7992,-9.4469,85.19,58,0,6.91,PT,2022-09-10 16:51:34
760,Baruun-Urt,46.6806,113.2792,63.91,24,7,8.34,MN,2022-09-10 16:51:34
761,Pakxan,18.3778,103.6601,73.63,97,100,3.53,LA,2022-09-10 16:51:35
762,Khuzdar,27.7384,66.6434,84.43,43,11,3.56,PK,2022-09-10 16:51:35
763,Zhigansk,66.7697,123.3711,36.84,97,100,18.45,RU,2022-09-10 16:51:35
764,Palauig,15.435,119.9045,81.3,80,99,4.54,PH,2022-09-10 16:51:36
765,Kologriv,58.8275,44.3178,46.67,77,90,4.47,RU,2022-09-10 16:51:36
766,Torbat-E Jam,35.244,60.6225,72.36,45,0,22.77,IR,2022-09-10 16:51:36
767,Thompson,55.7435,-97.8558,51.96,76,75,12.66,CA,2022-09-10 16:46:37
768,Zarubino,42.63,131.0922,62.65,86,90,0.38,RU,2022-09-10 16:51:37
769,Pingliang,35.5392,106.6861,59.16,84,0,0.22,CN,2022-09-10 16:51:37
770,Necochea,-38.5473,-58.7368,54.34,51,0,8.23,AR,2022-09-10 16:51:38
771,Kalmar,56.6616,16.3616,61.14,88,100,3.44,SE,2022-09-10 16:51:38
772,Vanavara,60.34,102.2797,38.66,95,60,5.08,RU,2022-09-10 16:51:38
773,Sabancuy,18.9667,-91.1833,84.11,64,100,6.98,MX,2022-09-10 16:51:38
774,Byron Bay,-28.65,153.6167,55.36,66,0,10.47,AU,2022-09-10 16:51:39
775,Nemuro,43.3236,145.575,60.89,73,0,5.64,JP,2022-09-10 16:51:39
776,Susaki,33.3667,133.2833,75.96,89,80,4.52,JP,2022-09-10 16:51:39
777,Mahebourg,-20.4081,57.7,70.25,64,40,6.91,MU,2022-09-10 16:51:40
778,Esperance,-33.8667,121.9,51.51,88,14,7.74,AU,2022-09-10 16:51:40
779,Kailua,21.4022,-157.7394,77.14,87,20,8.05,US,2022-09-10 16:51:41
780,Tuatapere,-46.1333,167.6833,37.02,92,9,4.29,NZ,2022-09-10 16:50:11
781,Codrington,-38.2667,141.9667,48.31,82,97,11.61,AU,2022-09-10 16:51:41
782,Comodoro Rivadavia,-45.8667,-67.5,60.66,41,0,4.61,AR,2022-09-10 16:49:49
783,Talnakh,69.4865,88.3972,36.21,98,100,9.17,RU,2022-09-10 16:51:41
784,Orcopampa,-15.2661,-72.3417,61.75,23,2,4.83,PE,2022-09-10 16:51:42
785,Noumea,-22.2763,166.4572,75.0,99,35,4.43,NC,2022-09-10 16:51:42
786,Adrar,20.5022,-10.0711,107.04,9,39,10.47,MR,2022-09-10 16:51:42
787,Palasa,18.7667,84.4167,78.22,93,100,12.37,IN,2022-09-10 16:51:43
788,Kalmunai,7.4167,81.8167,81.75,75,87,2.59,LK,2022-09-10 16:51:43
789,Kozhevnikovo,56.2589,83.9714,47.25,79,100,5.01,RU,2022-09-10 16:51:43
790,Vostochnyy,55.8167,37.8667,54.9,45,3,4.12,RU,2022-09-10 16:51:43
791,Whitehorse,60.7161,-135.0538,46.09,64,40,8.05,CA,2022-09-10 16:50:42
792,Hammerfest,70.6634,23.6821,46.85,100,100,10.36,NO,2022-09-10 16:51:44
793,Saint-Jean-Port-Joli,47.2171,-70.2658,78.4,80,39,6.33,CA,2022-09-10 16:51:44
794,Hwange,-18.3693,26.5019,78.93,26,0,3.53,ZW,2022-09-10 16:51:45
795,Salamanca,40.8333,-6.0,89.38,23,0,12.91,ES,2022-09-10 16:50:16
796,Lavrentiya,65.5833,-171.0,40.1,91,100,3.29,RU,2022-09-10 16:51:45
797,Foix,42.8333,1.5833,72.77,55,9,4.5,FR,2022-09-10 16:51:45
798,Portales,34.1862,-103.3344,73.33,57,32,7.43,US,2022-09-10 16:51:46
799,Hambantota,6.1241,81.1185,78.71,82,92,16.98,LK,2022-09-10 16:51:46
800,Hilo,19.7297,-155.09,74.62,81,75,5.75,US,2022-09-10 16:51:46
801,Berberati,4.2612,15.7922,70.36,97,96,3.02,CF,2022-09-10 16:51:47
802,Leninskoye,41.7589,69.3864,72.84,36,64,2.75,KZ,2022-09-10 16:51:47
803,Klaksvik,62.2266,-6.589,52.72,86,78,14.05,FO,2022-09-10 16:51:48
804,Katsuura,35.1333,140.3,73.98,87,99,20.8,JP,2022-09-10 16:51:48
805,Fallon,39.4735,-118.7774,75.92,14,0,0.0,US,2022-09-10 16:52:48
806,Shingu,33.7333,135.9833,75.96,84,56,7.74,JP,2022-09-10 16:52:49
807,Maxcanu,20.5833,-89.9833,93.02,45,93,4.65,MX,2022-09-10 16:52:49
808,Macherla,16.4833,79.4333,79.59,85,100,6.17,IN,2022-09-10 16:52:49
809,Pevek,69.7008,170.3133,41.56,81,19,4.56,RU,2022-09-10 16:52:50
810,Pyay,18.8167,95.2167,76.26,93,100,5.21,MM,2022-09-10 16:52:50
811,Geraldton,-28.7667,114.6,48.61,93,0,5.75,AU,2022-09-10 16:52:50
812,Kiunga,-6.1219,141.2906,72.14,99,96,1.3,PG,2022-09-10 16:52:50
813,Kolondieba,11.0882,-6.8926,76.84,89,97,4.25,ML,2022-09-10 16:52:51
814,Nuevo Progreso,23.1667,-97.95,90.54,58,31,5.08,MX,2022-09-10 16:52:51
815,La Rioja,42.25,-2.5,82.18,36,5,4.61,ES,2022-09-10 16:52:52
816,Broome,42.2506,-75.833,79.47,54,93,3.0,US,2022-09-10 16:52:52
817,Saldanha,-33.0117,17.9442,59.05,88,60,7.02,ZA,2022-09-10 16:52:52
818,Kahului,20.8947,-156.47,79.84,78,20,4.61,US,2022-09-10 16:52:53
819,Hanmer Springs,-42.5167,172.8167,37.9,94,77,2.93,NZ,2022-09-10 16:52:53
820,Dudinka,69.4058,86.1778,36.63,95,100,11.23,RU,2022-09-10 16:52:53
821,Bay Roberts,47.5999,-53.2648,59.32,91,100,20.0,CA,2022-09-10 16:52:54
822,Normandin,48.8333,-72.5321,79.11,65,3,5.75,CA,2022-09-10 16:52:54
823,Auki,-8.7676,160.7034,75.24,88,12,4.03,SB,2022-09-10 16:52:54
824,Sooke,48.3746,-123.7276,73.44,48,0,20.71,CA,2022-09-10 16:52:54
825,Belmonte,-15.8631,-38.8828,77.7,50,12,6.13,BR,2022-09-10 16:52:55
826,Emerald,-23.5333,148.1667,57.34,75,19,7.09,AU,2022-09-10 16:51:58
827,Tsumeb,-19.2333,17.7167,82.15,9,0,9.53,NA,2022-09-10 16:52:55
828,Tasiilaq,65.6145,-37.6368,42.4,71,69,7.02,GL,2022-09-10 16:52:56
829,Barra Patuca,15.8,-84.2833,85.24,74,93,9.91,HN,2022-09-10 16:52:56
830,Amuntai,-2.4177,115.2494,73.0,96,91,0.16,ID,2022-09-10 16:52:56
831,Nikolskoye,59.7035,30.7861,55.29,68,11,3.74,RU,2022-09-10 16:52:57
832,Genhe,50.7833,121.5167,53.4,97,83,4.32,CN,2022-09-10 16:52:57
833,Nizwa,22.9333,57.5333,90.75,36,91,6.49,OM,2022-09-10 16:52:57
834,Gornyy,55.1153,83.9059,49.03,45,100,6.58,RU,2022-09-10 16:52:58
835,Svetlogorsk,52.6333,29.7333,49.17,80,100,15.12,BY,2022-09-10 16:52:58
836,High Level,58.5169,-117.136,57.31,62,20,4.61,CA,2022-09-10 16:50:07
837,Mount Isa,-20.7333,139.5,67.77,24,0,5.75,AU,2022-09-10 16:52:58
838,Kargopol,61.5071,38.9456,45.41,85,100,4.59,RU,2022-09-10 16:52:59
839,Wasilla,61.5814,-149.4394,47.35,93,100,6.91,US,2022-09-10 16:52:59
840,Tadine,-21.55,167.8833,71.91,91,19,6.96,NC,2022-09-10 16:53:00
841,Turukhansk,65.8167,87.9833,33.57,80,93,3.33,RU,2022-09-10 16:53:00
842,Ilo,-17.6394,-71.3375,61.66,72,100,12.66,PE,2022-09-10 16:53:00
843,Xichang,27.8964,102.2634,56.26,94,69,1.48,CN,2022-09-10 16:53:01
844,Manyana,-23.4,21.7167,76.69,12,0,8.66,BW,2022-09-10 16:53:01
845,Baiyin,36.5583,104.2081,63.57,44,12,5.73,CN,2022-09-10 16:53:01
846,Pimentel,-6.8367,-79.9342,64.69,77,100,10.36,PE,2022-09-10 16:53:02
847,Bandar,2.05,99.75,73.4,91,90,2.95,ID,2022-09-10 16:53:02
848,Waipawa,-41.4122,175.5153,45.86,96,100,5.17,NZ,2022-09-10 16:53:02
849,Sao Joao Da Barra,-21.6403,-41.0511,89.69,65,4,23.4,BR,2022-09-10 16:54:03
850,Rockport,28.0206,-97.0544,91.04,65,0,5.75,US,2022-09-10 16:52:28
851,Cap Malheureux,-19.9842,57.6142,70.47,62,2,5.99,MU,2022-09-10 16:54:03
852,Straumen,63.8709,11.2999,57.2,63,67,0.87,NO,2022-09-10 16:54:04
853,Beringovskiy,63.05,179.3167,45.84,94,70,12.88,RU,2022-09-10 16:54:04
854,Masoko,-9.3333,33.75,70.3,56,65,2.98,TZ,2022-09-10 16:54:04
855,La Orilla,17.9833,-102.2333,85.3,69,80,5.93,MX,2022-09-10 16:54:05
856,Udachnyy,66.4167,112.4,34.45,86,91,10.0,RU,2022-09-10 16:51:25
857,Kinablangan,7.6947,126.5503,77.65,86,98,5.3,PH,2022-09-10 16:54:05
858,Xuddur,4.1213,43.8894,80.83,54,94,22.95,SO,2022-09-10 16:54:06
859,Kashi,39.4547,75.9797,81.61,19,75,8.95,CN,2022-09-10 16:54:06
860,Ust-Maya,60.4167,134.5333,33.49,83,15,3.11,RU,2022-09-10 16:54:06
861,Ancud,-41.8697,-73.8203,54.23,75,13,4.43,CL,2022-09-10 16:54:07
862,Mitu,1.1983,-70.1733,75.79,90,99,4.14,CO,2022-09-10 16:54:07
863,College,64.8569,-147.8028,44.55,94,100,3.44,US,2022-09-10 16:54:07
864,Guasdualito,7.2424,-70.7324,89.56,70,40,3.44,VE,2022-09-10 16:54:08
865,Batagay-Alyta,67.8006,130.4114,34.47,62,100,6.06,RU,2022-09-10 16:54:08
866,Butembo,0.15,29.2833,58.69,91,100,1.9,CD,2022-09-10 16:54:09
867,Mundo Nuevo,18.7,-95.5,82.9,70,87,0.74,MX,2022-09-10 16:54:09
868,Semirom,31.4167,51.5667,71.53,25,69,1.92,IR,2022-09-10 16:54:09
869,Haileybury,47.449,-79.6373,77.58,44,5,9.4,CA,2022-09-10 16:54:10
870,Shubarshi,48.5872,57.1869,51.28,69,93,24.45,KZ,2022-09-10 16:54:10
871,Walvis Bay,-22.9575,14.5053,58.15,77,0,12.66,NA,2022-09-10 16:54:10
872,Brodokalmak,55.5748,62.082,41.9,59,82,9.69,RU,2022-09-10 16:54:11
873,Contamana,-7.3333,-75.0167,80.11,72,95,1.5,PE,2022-09-10 16:54:11
874,Ribeira Grande,38.5167,-28.7,75.6,73,75,16.11,PT,2022-09-10 16:54:12
875,Port-Gentil,-0.7193,8.7815,80.56,74,40,14.97,GA,2022-09-10 16:54:12
876,Dickinson,29.4608,-95.0513,90.12,63,0,1.99,US,2022-09-10 16:54:12
877,Tayoltita,24.0833,-105.9333,81.63,59,98,3.36,MX,2022-09-10 16:54:13
878,Gorontalo,0.5412,123.0595,73.87,93,72,3.29,ID,2022-09-10 16:54:13
879,Biak,-0.9131,122.8766,74.93,81,83,2.51,ID,2022-09-10 16:54:13
880,Manadhoo,5.7667,73.3833,80.6,85,30,13.02,MV,2022-09-10 16:54:14
881,Vilhena,-12.7406,-60.1458,80.82,69,80,12.66,BR,2022-09-10 16:54:14
882,Yaan,7.3833,8.5667,73.29,94,95,3.58,NG,2022-09-10 16:54:14
883,Rantoul,40.3084,-88.1559,83.01,59,0,3.44,US,2022-09-10 16:49:59
884,Joshimath,30.5667,79.5667,69.26,89,85,1.16,IN,2022-09-10 16:54:15
885,Acajutla,13.5928,-89.8275,82.67,77,99,10.54,SV,2022-09-10 16:54:15
886,Yakeshi,49.2833,120.7333,62.58,38,6,3.91,CN,2022-09-10 16:54:15
887,Miri,4.4148,114.0089,78.94,94,40,3.44,MY,2022-09-10 16:54:16
888,Qandala,11.472,49.8728,87.08,67,44,2.91,SO,2022-09-10 16:54:16
889,Seoul,37.5683,126.9778,72.97,68,0,6.91,KR,2022-09-10 16:54:07
890,Sioux Lookout,50.1001,-91.917,62.67,55,20,6.91,CA,2022-09-10 16:54:17
891,Orshanka,56.9161,47.8933,44.92,83,94,5.5,RU,2022-09-10 16:54:17
892,Axim,4.8699,-2.2405,76.98,81,37,10.74,GH,2022-09-10 16:54:17
893,Wyndham,37.6985,-77.6125,83.05,68,99,1.01,US,2022-09-10 16:55:18
894,Yacuiba,-22.038,-63.6797,73.27,18,2,6.73,BO,2022-09-10 16:55:18
895,Phan Thiet,10.9333,108.1,77.16,90,100,4.14,VN,2022-09-10 16:50:58
896,Mizan Teferi,6.9833,35.5833,62.62,97,98,0.4,ET,2022-09-10 16:55:19
897,Woodward,36.4337,-99.3904,69.96,68,100,9.22,US,2022-09-10 16:53:56
898,Salinopolis,-0.6136,-47.3561,85.08,66,72,12.97,BR,2022-09-10 16:55:19
899,Rawson,-43.3002,-65.1023,61.39,35,0,5.21,AR,2022-09-10 16:55:19
900,Ndioum,16.5129,-14.6471,93.29,41,100,6.91,SN,2022-09-10 16:55:20
901,Buala,-8.145,159.5921,79.92,79,45,9.13,SB,2022-09-10 16:55:20
902,Kavieng,-2.5744,150.7967,81.55,76,47,13.22,PG,2022-09-10 16:55:20
903,Luderitz,-26.6481,15.1594,70.11,42,31,17.29,NA,2022-09-10 16:55:21
904,Hami,42.8,93.45,82.81,16,13,7.83,CN,2022-09-10 16:55:21
905,Karratha,-20.7377,116.8463,71.44,41,0,6.8,AU,2022-09-10 16:55:22
906,Coari,-4.085,-63.1414,99.34,30,7,4.9,BR,2022-09-10 16:55:22
907,Preobrazheniye,42.9019,133.9064,60.46,80,96,3.22,RU,2022-09-10 16:55:22
908,Kushiro,42.975,144.3747,52.18,80,0,6.29,JP,2022-09-10 16:55:23
909,Portlethen,57.0547,-2.1307,61.93,75,100,9.22,GB,2022-09-10 16:55:23
910,Havoysund,70.9963,24.6622,46.63,86,100,22.15,NO,2022-09-10 16:55:23
911,Leh,34.1667,77.5833,61.07,51,75,4.94,IN,2022-09-10 16:55:24
912,Mnogovershinnyy,53.9353,139.9242,51.39,84,88,1.59,RU,2022-09-10 16:55:24
913,Kieta,-6.2167,155.6333,78.12,84,60,5.93,PG,2022-09-10 16:55:25
914,Severo-Kurilsk,50.6789,156.125,51.73,91,19,13.2,RU,2022-09-10 16:55:25
915,Kyshtovka,56.555,76.6271,44.26,85,54,3.42,RU,2022-09-10 16:55:25
916,Santa Isabel Do Rio Negro,-0.4139,-65.0192,95.0,40,98,5.7,BR,2022-09-10 16:55:25
917,Jalu,29.0331,21.5482,89.01,19,0,10.09,LY,2022-09-10 16:55:26
918,Lorengau,-2.0226,147.2712,80.4,81,37,6.15,PG,2022-09-10 16:55:26
919,Khandbari,27.3747,87.2039,71.64,88,51,2.59,NP,2022-09-10 16:55:27
920,Sitka,57.0531,-135.33,53.73,80,96,1.86,US,2022-09-10 16:55:27
921,Lethem,3.3803,-59.7968,91.87,48,85,4.97,GY,2022-09-10 16:55:27
922,Hun,29.1268,15.9477,88.81,18,0,9.51,LY,2022-09-10 16:55:28
923,Redmond,47.674,-122.1215,80.67,50,0,4.12,US,2022-09-10 16:50:31
924,Peace River,56.2501,-117.286,66.51,42,75,11.5,CA,2022-09-10 16:55:28
925,Grand-Santi,4.25,-54.3833,94.77,36,74,4.05,GF,2022-09-10 16:55:29
926,Barpali,21.2,83.5833,77.58,93,100,8.01,IN,2022-09-10 16:55:29
927,Gavle,60.6745,17.1417,58.37,66,9,1.01,SE,2022-09-10 16:55:29
928,Varadero,23.1536,-81.2514,86.09,67,99,5.06,CU,2022-09-10 16:55:30
929,Mus,39.0,41.75,68.32,15,0,4.74,TR,2022-09-10 16:55:19
930,Dunda,-8.1167,34.25,77.67,37,99,10.07,TZ,2022-09-10 16:55:30
931,Eldorado,-23.7869,-54.2836,75.07,49,29,9.01,BR,2022-09-10 16:55:31
932,Camana,-16.6228,-72.7111,63.82,72,44,10.51,PE,2022-09-10 16:55:31
933,Egvekinot,66.3167,-179.1667,35.08,79,0,4.85,RU,2022-09-10 16:55:32
934,Asfi,32.2994,-9.2372,75.47,76,12,18.37,MA,2022-09-10 16:55:32
935,Caravelas,-17.7125,-39.2481,79.5,48,0,10.04,BR,2022-09-10 16:55:32
936,Morgan City,29.6994,-91.2068,84.02,59,4,2.59,US,2022-09-10 16:55:32
937,Ankang,32.68,109.0172,66.61,93,50,0.85,CN,2022-09-10 16:55:33
938,Acapulco,16.8634,-99.8901,84.58,69,100,6.8,MX,2022-09-10 16:53:31
939,Kidal,18.4411,1.4078,99.09,22,78,8.23,ML,2022-09-10 16:56:33
940,Hurricane,37.1753,-113.2899,82.71,52,99,5.39,US,2022-09-10 16:56:01
941,Brigantine,39.4101,-74.3646,81.03,73,75,5.35,US,2022-09-10 16:56:34
942,Kindia,10.0569,-12.8658,75.0,81,100,2.75,GN,2022-09-10 16:56:34
943,Aklavik,68.2191,-135.0107,44.11,97,100,6.04,CA,2022-09-10 16:56:34
944,Launceston,-41.45,147.1667,44.8,78,50,10.36,AU,2022-09-10 16:56:35
945,Tarapur,19.85,72.7,80.89,89,98,8.03,IN,2022-09-10 16:56:35
946,Terrace Bay,48.7834,-87.1,60.6,76,100,5.53,CA,2022-09-10 16:56:35
947,Nalut,30.3333,10.85,96.39,14,0,13.18,LY,2022-09-10 16:56:36
948,Tual,-5.6667,132.75,80.69,82,100,10.67,ID,2022-09-10 16:56:36
949,Boulsa,12.6675,-0.5758,82.4,71,88,10.2,BF,2022-09-10 16:56:36
950,Bambari,5.768,20.6757,72.55,94,98,3.04,CF,2022-09-10 16:56:36
951,Saint-Francois,46.4154,3.9054,69.67,49,0,9.22,FR,2022-09-10 16:56:37
952,Dunedin,-45.8742,170.5036,46.8,84,47,1.01,NZ,2022-09-10 16:56:37
953,Shaoguan,24.8,113.5833,79.7,62,73,0.54,CN,2022-09-10 16:56:37
954,Yanam,16.7333,82.2167,76.35,96,100,6.35,IN,2022-09-10 16:56:38
955,Corinto,37.9407,22.9573,85.89,61,0,2.35,GR,2022-09-10 16:55:07
956,Sechura,-5.5569,-80.8222,74.1,57,97,11.56,PE,2022-09-10 16:56:38
957,Kloulklubed,7.0419,134.2556,83.79,67,93,3.49,PW,2022-09-10 16:56:38
958,Nanga Eboko,4.6833,12.3667,69.85,98,99,1.48,CM,2022-09-10 16:56:39
959,General Higinio Morinigo,-25.95,-55.9167,69.42,22,3,6.4,PY,2022-09-10 16:56:39
960,Los Llanos De Aridane,28.6585,-17.9182,74.95,91,40,9.22,ES,2022-09-10 16:56:39
961,Emba,48.8264,58.1442,50.32,73,100,25.46,KZ,2022-09-10 16:56:40
962,Varzea Da Palma,-17.5981,-44.7308,96.44,13,1,3.49,BR,2022-09-10 16:56:40
963,Atocha,-20.9333,-66.2333,57.18,16,1,25.99,BO,2022-09-10 16:56:40
964,Taphan Hin,16.2209,100.4198,76.44,94,100,4.88,TH,2022-09-10 16:56:41
965,Pafos,34.7667,32.4167,82.18,69,0,9.22,CY,2022-09-10 16:51:56
966,Kasongo-Lunda,-6.4667,16.8167,85.1,42,68,1.03,CD,2022-09-10 16:56:41
967,Teguldet,57.3064,88.1667,44.74,97,99,4.21,RU,2022-09-10 16:56:42
968,Port Lincoln,-34.7333,135.8667,49.6,76,1,5.19,AU,2022-09-10 16:56:42
969,Touros,-5.1989,-35.4608,82.53,60,5,18.43,BR,2022-09-10 16:56:42
970,Victoria,22.2855,114.1577,84.38,81,11,5.01,HK,2022-09-10 16:52:19
971,Gyor,47.6833,17.6351,70.12,49,0,11.5,HU,2022-09-10 16:56:43
972,Camacha,33.0833,-16.3333,74.62,78,20,11.5,PT,2022-09-10 16:56:43
973,Olinda,-8.0089,-34.8553,78.53,73,75,6.91,BR,2022-09-10 16:56:43
974,Lakes Entrance,-37.8811,147.981,43.16,65,74,16.96,AU,2022-09-10 16:56:44
975,Mangrol,21.1167,70.1167,82.83,84,100,1.34,IN,2022-09-10 16:56:44
976,Jablah,35.3614,35.9256,84.49,58,0,6.91,SY,2022-09-10 16:56:45
977,San Pedro De Macoris,18.4616,-69.2972,92.01,65,59,4.85,DO,2022-09-10 16:56:45
978,Ponta Delgada,37.7333,-25.6667,74.5,88,40,14.97,PT,2022-09-10 16:56:45
979,Rolante,-29.6506,-50.5758,63.66,43,1,7.02,BR,2022-09-10 16:54:08
980,Kabrai,25.4167,80.0167,87.19,59,27,5.44,IN,2022-09-10 16:56:46
981,Margate,51.3813,1.3862,70.7,78,13,3.0,GB,2022-09-10 16:56:10
982,Morondava,-20.2833,44.2833,74.37,73,0,11.39,MG,2022-09-10 16:56:46
983,Letlhakeng,-24.0944,25.0298,74.82,14,0,2.77,BW,2022-09-10 16:56:46
984,Lyuban,52.7985,28.0048,46.96,91,100,17.54,BY,2022-09-10 17:01:16
985,Nova Londrina,-22.7658,-52.985,84.33,44,41,10.27,BR,2022-09-10 17:01:17
986,Ruteng,-8.6136,120.4721,62.06,95,84,1.7,ID,2022-09-10 17:01:17
987,Tambopata,-12.7333,-69.1833,101.86,26,17,2.66,PE,2022-09-10 17:01:17
988,Upington,-28.4478,21.2561,77.76,11,0,13.91,ZA,2022-09-10 17:01:18
989,Brokopondo,4.75,-55.1667,89.29,43,21,1.86,SR,2022-09-10 17:01:18
990,Tawang,27.5833,91.8667,54.95,98,98,1.48,IN,2022-09-10 17:01:19
991,Pokhara,28.2333,83.9833,72.18,82,30,4.88,NP,2022-09-10 17:01:19
992,Alexandria,31.2156,29.9553,79.75,62,0,9.62,EG,2022-09-10 17:01:19
993,Kaeo,-35.1,173.7833,44.33,94,74,2.17,NZ,2022-09-10 17:01:20
994,Kamaishi,39.2667,141.8833,64.8,87,68,8.21,JP,2022-09-10 17:01:20
995,Dzerzhinsk,56.2389,43.4631,42.62,93,40,2.24,RU,2022-09-10 17:01:21
996,Huarmey,-10.0681,-78.1522,66.79,70,49,12.28,PE,2022-09-10 17:01:21
997,Arraial Do Cabo,-22.9661,-42.0278,74.43,73,4,17.78,BR,2022-09-10 17:01:21
998,Rosarito,32.3333,-117.0333,76.15,75,100,9.44,MX,2022-09-10 17:01:22
999,Piopio,-38.4667,175.0167,44.58,99,91,0.65,NZ,2022-09-10 17:01:22
1000,Puerto Palomas,31.7667,-107.6167,81.77,43,30,6.62,MX,2022-09-10 17:01:23
1001,Belaya Gora,68.5333,146.4167,43.18,83,100,4.45,RU,2022-09-10 17:01:23
1002,Hualmay,-11.0964,-77.6139,65.05,70,64,9.24,PE,2022-09-10 17:01:23
1003,Menongue,-14.6585,17.691,76.33,14,14,6.04,AO,2022-09-10 17:01:24
1004,Tarabuco,-19.1667,-64.9167,60.42,39,43,13.04,BO,2022-09-10 17:01:24
1005,Nueva Concepcion,14.2,-91.3,85.06,74,88,11.43,GT,2022-09-10 17:01:24
1006,Samana,19.2056,-69.3369,83.71,81,92,8.25,DO,2022-09-10 17:01:25
1007,Claveria,18.6074,121.0832,78.55,85,100,4.85,PH,2022-09-10 17:01:26
1008,Hovd,48.0056,91.6419,59.67,41,1,4.27,MN,2022-09-10 17:01:26
1009,Jiuquan,39.7432,98.5174,70.68,15,0,9.01,CN,2022-09-10 17:01:26
1010,Basoko,1.2391,23.616,77.2,82,99,0.94,CD,2022-09-10 17:01:27
1011,Havelock,34.8791,-76.9013,82.38,93,100,1.01,US,2022-09-10 17:01:27
1012,Cabedelo,-6.9811,-34.8339,79.27,69,46,14.38,BR,2022-09-10 17:01:28
1013,Mecca,21.4267,39.8261,93.88,37,79,3.24,SA,2022-09-10 17:00:14
1014,Port Hardy,50.6996,-127.4199,50.18,100,100,3.44,CA,2022-09-10 17:01:09
1015,El Cobre,20.0489,-75.9469,91.11,48,3,4.74,CU,2022-09-10 17:01:28
1016,Agirish,61.9247,63.0231,42.21,84,99,3.69,RU,2022-09-10 17:01:29
1017,Orbetello,42.4408,11.2196,77.22,55,64,12.03,IT,2022-09-10 17:01:29
1018,Springbok,-29.6643,17.8865,64.89,28,56,5.39,ZA,2022-09-10 17:01:30
1019,Zhangye,38.9342,100.4517,69.35,22,1,4.47,CN,2022-09-10 17:01:30
1020,Saint-Michel-Des-Saints,46.6834,-73.9159,76.93,44,1,6.67,CA,2022-09-10 17:01:30
1021,Nelson Bay,-32.7167,152.15,59.09,83,6,13.0,AU,2022-09-10 17:01:31
1022,Rocha,-34.4833,-54.3333,55.08,53,14,15.66,UY,2022-09-10 17:01:12
1023,Chippewa Falls,44.9369,-91.3929,60.98,91,100,4.27,US,2022-09-10 16:57:16
1024,Krasnoselkup,65.7,82.4667,41.18,52,100,4.5,RU,2022-09-10 17:01:31
1025,Vengerovo,55.6848,76.7471,46.58,67,47,5.01,RU,2022-09-10 17:01:32
1026,Tevriz,57.509,72.4042,40.68,97,67,4.23,RU,2022-09-10 17:01:32
1027,Okato,-39.2,173.8833,50.92,100,73,3.29,NZ,2022-09-10 17:01:33
1028,West Plains,36.7281,-91.8524,79.63,76,75,4.61,US,2022-09-10 17:01:33
1029,Kendari,-3.945,122.4989,74.34,87,94,2.13,ID,2022-09-10 17:01:33
1030,Santa Maria,-29.6842,-53.8069,58.82,46,0,7.58,BR,2022-09-10 17:02:34
1031,Izhma,65.0083,53.9113,41.13,96,89,3.06,RU,2022-09-10 17:02:34
1032,Kirkenaer,60.4564,12.0582,52.27,78,100,1.36,NO,2022-09-10 17:00:10
1033,Safford,32.834,-109.7076,83.32,54,0,11.5,US,2022-09-10 17:02:35
1034,Itupiranga,-5.1347,-49.3267,100.35,22,18,1.48,BR,2022-09-10 17:02:35
1035,Yelan,50.949,43.7378,49.17,53,6,8.08,RU,2022-09-10 17:02:35
1036,Ekibastuz,51.6667,75.3667,63.99,26,94,14.88,KZ,2022-09-10 17:02:36
1037,Sur,22.5667,59.5289,86.79,55,88,11.7,OM,2022-09-10 17:02:36
1038,Corn Island,12.1694,-83.0418,82.63,74,98,1.97,NI,2022-09-10 17:02:36
1039,Hatfield,51.7634,-0.2242,70.56,76,96,6.91,GB,2022-09-10 17:02:37
1040,Chifeng,42.2683,118.9636,63.97,62,94,5.28,CN,2022-09-10 17:02:37
1041,Bilma,18.6853,12.9164,98.11,12,76,6.62,NE,2022-09-10 17:02:37
1042,Kenai,60.5544,-151.2583,50.09,83,58,17.25,US,2022-09-10 16:58:54
1043,Mishkino,55.3389,63.9175,50.13,60,100,11.9,RU,2022-09-10 17:02:38
1044,Bilibino,68.0546,166.4372,43.21,74,60,2.04,RU,2022-09-10 17:02:38
1045,Coquimbo,-29.9533,-71.3436,57.24,71,34,7.34,CL,2022-09-10 17:02:38
1046,Bosaso,11.2842,49.1816,89.71,57,59,3.27,SO,2022-09-10 17:02:39
1047,Chantada,42.6088,-7.7712,84.69,34,3,9.01,ES,2022-09-10 17:02:39
1048,Shenjiamen,29.9576,122.298,75.83,81,8,6.2,CN,2022-09-10 17:02:39
1049,Isangel,-19.55,169.2667,73.6,87,4,5.14,VU,2022-09-10 17:02:40
1050,Usolye-Sibirskoye,52.7519,103.6453,44.19,86,4,2.57,RU,2022-09-10 17:02:40
1051,Cururupu,-1.8283,-44.8683,87.33,56,12,8.66,BR,2022-09-10 17:02:41
1052,Ganzhou,28.8184,115.4327,73.65,64,32,4.68,CN,2022-09-10 17:02:41
1053,Chanute,37.6792,-95.4572,77.22,32,1,4.72,US,2022-09-10 16:58:10
1054,Boguchany,58.3814,97.4531,43.63,92,68,4.25,RU,2022-09-10 17:02:41
1055,Aitape,-3.1374,142.3475,77.23,88,97,3.13,PG,2022-09-10 17:02:42
1056,Pavilosta,56.8879,21.1859,58.91,62,100,8.48,LV,2022-09-10 17:02:43
1057,Russkaya Polyana,49.417,31.9201,53.85,79,100,17.25,UA,2022-09-10 17:02:43
1058,San Cristobal,7.7669,-72.225,83.25,49,39,9.71,VE,2022-09-10 17:02:43
1059,Marrakesh,31.6315,-8.0083,95.07,24,75,11.5,MA,2022-09-10 16:59:38
1060,Inhambane,-23.865,35.3833,69.93,82,0,11.18,MZ,2022-09-10 17:02:44
1061,Ginir,7.1333,40.7,65.55,59,100,8.61,ET,2022-09-10 17:02:21
1062,Maumere,-8.6199,122.2111,78.15,75,84,5.28,ID,2022-09-10 17:02:44
1063,Finnsnes,69.2296,17.9811,49.75,88,100,3.78,NO,2022-09-10 17:02:45
1064,Carai,-17.1889,-41.6947,87.75,19,0,5.95,BR,2022-09-10 17:02:45
1065,Beruwala,6.4788,79.9828,78.01,88,96,8.16,LK,2022-09-10 17:02:46
1066,Arman,59.7,150.1667,46.51,82,0,4.76,RU,2022-09-10 17:02:46
1067,Tura,25.5198,90.2201,74.07,97,29,4.47,IN,2022-09-10 17:02:46
1068,Sakakah,29.9697,40.2064,105.37,10,0,7.47,SA,2022-09-10 16:58:56
1069,Manzanillo,20.3433,-77.1167,89.8,51,12,2.73,CU,2022-09-10 17:02:47
1070,Takoradi,4.8845,-1.7554,78.3,78,55,12.71,GH,2022-09-10 17:02:47
1071,Bundaberg,-24.85,152.35,65.21,61,97,4.0,AU,2022-09-10 17:02:47
1072,Peniche,39.3558,-9.3811,81.09,82,3,7.27,PT,2022-09-10 17:02:48
1073,Viedma,-40.8135,-62.9967,68.7,17,0,8.79,AR,2022-09-10 17:02:48
1074,Camacupa,-12.0167,17.4833,77.09,17,32,5.93,AO,2022-09-10 17:02:48
1075,Clyde River,70.4692,-68.5914,40.84,85,97,2.82,CA,2022-09-10 17:02:49
1076,Zyryanka,65.75,150.85,42.84,90,100,2.26,RU,2022-09-10 17:02:49
1077,Santo Augusto,-27.8508,-53.7772,57.72,52,25,9.53,BR,2022-09-10 17:02:49
1078,Yei,4.095,30.6779,67.93,94,66,1.19,SS,2022-09-10 17:03:50
1079,Kununurra,-15.7667,128.7333,78.78,65,11,5.75,AU,2022-09-10 17:03:50
1080,Corrente,-3.7367,-43.3394,100.92,25,28,2.01,BR,2022-09-10 17:03:50
1081,Muros,42.7762,-9.0603,82.69,67,20,1.97,ES,2022-09-10 17:03:51
1082,Itarema,-2.9248,-39.9167,86.85,53,2,18.1,BR,2022-09-10 17:03:51
1083,Vinkovci,45.2883,18.8047,73.26,53,0,5.75,HR,2022-09-10 17:03:51
1084,Weida,50.7667,12.0667,63.95,80,86,7.27,DE,2022-09-10 17:03:52
1085,Padang,-0.9492,100.3543,77.5,84,98,3.38,ID,2022-09-10 17:03:52
1086,Shelabolikha,53.4131,82.6167,52.2,36,71,8.43,RU,2022-09-10 17:03:52
1087,Levelland,33.5873,-102.378,78.19,50,26,7.09,US,2022-09-10 17:03:26
1088,Iconha,-20.7931,-40.8111,91.81,33,4,9.62,BR,2022-09-10 17:03:53
1089,Usinsk,65.9939,57.5281,42.82,89,100,6.24,RU,2022-09-10 17:03:53
1090,Umm Kaddadah,13.6017,26.6876,96.01,26,77,6.8,SD,2022-09-10 17:03:54
1091,Vikulovo,56.8167,70.6107,42.67,92,49,5.77,RU,2022-09-10 17:03:54
1092,Kyra,49.5776,111.9753,54.34,78,99,5.55,RU,2022-09-10 17:03:54
1093,Lubango,-14.9172,13.4925,67.06,52,6,9.64,AO,2022-09-10 17:02:35
1094,Hibbing,47.4272,-92.9377,63.82,30,18,4.92,US,2022-09-10 16:59:17
1095,Druzhba,52.0428,33.9453,57.54,33,87,9.86,UA,2022-09-10 17:03:55
1096,Westport,41.1415,-73.3579,85.41,52,0,12.66,US,2022-09-10 17:03:55
1097,Sao Filipe,14.8961,-24.4956,80.29,79,61,2.3,CV,2022-09-10 17:03:56
1098,Bella Vista,36.4295,-94.2316,84.6,59,0,1.01,US,2022-09-10 17:03:56
1099,Atherton,53.5237,-2.4935,67.75,69,100,3.38,GB,2022-09-10 17:03:56
1100,Gaoua,10.2992,-3.2508,78.03,86,94,4.81,BF,2022-09-10 17:03:57
1101,Vilyuysk,63.7553,121.6247,33.31,80,12,8.97,RU,2022-09-10 17:03:57
1102,Cascais,38.6979,-9.4215,85.35,61,0,6.91,PT,2022-09-10 17:03:57
1103,Loukhi,66.0764,33.0381,50.47,83,100,4.38,RU,2022-09-10 17:03:58
1104,Melito Di Porto Salvo,37.9222,15.7714,83.53,65,1,10.36,IT,2022-09-10 17:03:58
1105,Ewa Beach,21.3156,-158.0072,77.43,89,0,8.01,US,2022-09-10 17:03:58
1106,Kulashi,42.2044,42.3494,68.09,73,0,2.3,GE,2022-09-10 17:03:59
1107,Kamenka,51.3223,42.7678,48.54,53,6,7.83,RU,2022-09-10 17:03:59
1108,San Quintin,30.4833,-115.95,77.34,72,100,14.65,MX,2022-09-10 17:03:59
1109,Kulhudhuffushi,6.6221,73.07,80.26,84,67,12.95,MV,2022-09-10 17:04:00
1110,Leshukonskoye,64.8989,45.7622,46.71,90,100,2.39,RU,2022-09-10 17:04:00
1111,Okhotsk,59.3833,143.3,49.05,60,67,19.39,RU,2022-09-10 17:04:00
1112,Pirot,43.1531,22.5861,67.89,81,23,3.6,RS,2022-09-10 17:04:01
1113,Dustlik,40.5247,68.0358,75.16,34,9,8.25,UZ,2022-09-10 17:04:01
1114,Starodub,52.5844,32.7633,56.01,39,86,7.78,RU,2022-09-10 17:04:02
1115,Alyangula,-13.8483,136.4192,74.41,82,76,5.5,AU,2022-09-10 17:04:02
1116,Berezniki,59.4152,56.8124,42.62,98,100,3.42,RU,2022-09-10 17:04:02
1117,Roma,43.2128,-75.4557,81.82,54,0,1.99,US,2022-09-10 17:04:03
1118,Marsh Harbour,26.5412,-77.0636,86.2,68,6,10.0,BS,2022-09-10 17:04:03
1119,Kimberley,-28.7323,24.7623,73.11,14,0,11.86,ZA,2022-09-10 17:02:21
1120,Ouro Preto Do Oeste,-10.7481,-62.2158,101.19,25,14,5.32,BR,2022-09-10 17:04:04
1121,Nevelsk,46.6733,141.8633,55.89,60,0,6.35,RU,2022-09-10 17:04:04
1122,Forrest City,35.0081,-90.7898,70.59,91,97,7.63,US,2022-09-10 17:03:36
1123,Lewistown,40.5992,-77.5714,77.61,79,0,0.0,US,2022-09-10 17:01:24
1124,Phangnga,8.4509,98.5298,80.64,91,100,3.13,TH,2022-09-10 17:05:05
1125,Vitim,59.4511,112.5578,38.05,93,74,4.5,RU,2022-09-10 17:05:05
1126,Te Anau,-45.4167,167.7167,33.57,90,31,0.72,NZ,2022-09-10 17:05:06
1127,Omboue,-1.5746,9.2618,76.55,82,84,9.15,GA,2022-09-10 17:05:06
1128,West Bay,19.3667,-81.4167,89.67,66,20,8.05,KY,2022-09-10 17:05:06
1129,Jadu,31.953,12.0261,91.81,19,0,12.75,LY,2022-09-10 17:05:07
1130,Verkhoyansk,67.5447,133.385,37.69,63,81,10.58,RU,2022-09-10 17:05:07
1131,Ust-Omchug,61.15,149.6333,37.65,76,7,3.56,RU,2022-09-10 17:05:07
1132,Port Hedland,-20.3167,118.5667,66.25,88,0,4.61,AU,2022-09-10 17:02:40
1133,Baghdad,33.3406,44.4009,101.03,12,0,9.95,IQ,2022-09-10 17:00:08
1134,Casambalangan,18.3765,122.1274,79.52,86,100,7.47,PH,2022-09-10 17:05:08
1135,Rucheng,32.3883,120.5553,73.96,96,41,4.94,CN,2022-09-10 17:05:08
1136,Hojai,26.0,92.8667,76.21,90,8,4.52,IN,2022-09-10 17:05:09
1137,Sanger,36.708,-119.556,87.84,56,75,6.91,US,2022-09-10 17:01:13
1138,Maniitsoq,65.4167,-52.9,44.92,78,100,14.63,GL,2022-09-10 17:05:09
1139,Vanimo,-2.6741,141.3028,77.02,90,95,3.8,PG,2022-09-10 17:05:10
1140,Bambous Virieux,-20.3428,57.7575,70.21,68,20,8.05,MU,2022-09-10 17:05:10
1141,Butte,39.6499,-121.5677,92.98,23,5,5.95,US,2022-09-10 17:02:37
